{"type":"FeatureCollection","features":[{"type":"Feature","properties":{"segment":1,"date":"2026-07-23","distance_km":57.812},"geometry":{"type":"LineString","coordinates":[[108.9092146,34.24229623],[108.91082859,34.24261636],[108.9146703,34.24265207],[108.91820967,34.24259513],[108.91878672,34.24054261],[108.9188146,34.23716775],[108.91721022,34.23394655],[108.91537066,34.23109863],[108.91497389,34.230475],[108.91465385,34.22994008],[108.91346843,34.22814087],[108.91261592,34.22681279],[108.91119505,34.22456953],[108.91091371,34.22413792],[108.90997204,34.22265371],[108.90815458,34.21992775],[108.90707619,34.21824579],[108.90392933,34.21455255],[108.90263949,34.21311058],[108.90002727,34.21023972],[108.89774593,34.20775783],[108.89723378,34.207191],[108.89555551,34.20531332],[108.89307742,34.20262331],[108.89120432,34.2005188],[108.89028952,34.19930534],[108.88807733,34.19747996],[108.88876735,34.19391079],[108.88983425,34.19162786],[108.88488018,34.19116169],[108.87867409,34.19100433],[108.87195481,34.19083976],[108.86429354,34.19034726],[108.85536459,34.18913818],[108.84604767,34.18797464],[108.83752723,34.18823188],[108.83043034,34.19004229],[108.82565274,34.1928392],[108.81920982,34.19200092],[108.81577101,34.18774735],[108.80972026,34.18243173],[108.8014435,34.17797257],[108.79158299,34.1753039],[108.78197383,34.1728565],[108.77359588,34.16963],[108.76598153,34.16562271],[108.75847921,34.16048027],[108.75069981,34.15532939],[108.74203764,34.15125385],[108.73238891,34.14834932],[108.7222049,34.14622986],[108.71229579,34.14421139],[108.70232205,34.14197616],[108.69338542,34.13772922],[108.68727049,34.1321427],[108.6824338,34.12519046],[108.67760765,34.11798083],[108.67249678,34.11046436],[108.66684945,34.10408771],[108.65981036,34.09849632],[108.65118145,34.09382744],[108.64165934,34.09053739],[108.63189407,34.0888091],[108.62155265,34.08828592],[108.61106155,34.08790519],[108.60194305,34.08744491],[108.59285666,34.0850237],[108.58518396,34.07999873],[108.57905522,34.07307134],[108.57292226,34.06629928],[108.565865,34.06167349],[108.55957239,34.05650464],[108.55506898,34.0507132],[108.55108343,34.04655177],[108.54730535,34.04448513],[108.54836134,34.0415442],[108.54764217,34.03907228],[108.54454569,34.03845984],[108.53810794,34.04035445],[108.53118308,34.0408282],[108.52624319,34.04109657],[108.52590363,34.04109877],[108.52064768,34.04088539],[108.51458265,34.04108736],[108.50949852,34.04264926],[108.50363153,34.04506028],[108.49853641,34.04858218],[108.49335093,34.05083102],[108.49302689,34.05463189],[108.4931231,34.06029061],[108.49321848,34.06576281],[108.49288654,34.07006793],[108.4918269,34.07428569],[108.49073899,34.07823238],[108.4898055,34.0815467],[108.4887616,34.08623856],[108.48895242,34.09132592],[108.48917153,34.0964532],[108.48937936,34.1007568],[108.48949258,34.10266031],[108.48957956,34.10437812],[108.48960501,34.10539052],[108.48963321,34.10606644],[108.48964639,34.10697202],[108.49053723,34.10715936],[108.49098237,34.10716091]]}},{"type":"Feature","properties":{"segment":2,"date":"2026-07-23","distance_km":92.214},"geometry":{"type":"LineString","coordinates":[[108.490969,34.10716495],[108.49143751,34.10733546],[108.49146044,34.10783231],[108.49239611,34.10798873],[108.49560843,34.10804482],[108.50057767,34.10811948],[108.50615707,34.10820174],[108.51148124,34.10828644],[108.51504042,34.10834366],[108.51530307,34.10977746],[108.51531938,34.1129908],[108.51534647,34.11761247],[108.51536629,34.12190375],[108.51543664,34.12643761],[108.51547897,34.13112808],[108.51550965,34.13415145],[108.5155257,34.13861852],[108.5155565,34.14403097],[108.51557496,34.14601094],[108.51553523,34.14872449],[108.51545768,34.15348217],[108.51541401,34.15795833],[108.51538513,34.16042172],[108.51534966,34.16218385],[108.51532472,34.16372432],[108.51523932,34.16552924],[108.51511197,34.16829686],[108.51493816,34.17143046],[108.51476231,34.17477713],[108.51452566,34.1781993],[108.51440605,34.18021156],[108.51430808,34.18228895],[108.51413403,34.18485867],[108.51393638,34.18819912],[108.51374455,34.19122858],[108.51357463,34.19446106],[108.51335858,34.19863558],[108.5131262,34.20280282],[108.51293673,34.20616869],[108.51273321,34.20920617],[108.51258583,34.21164576],[108.51240519,34.21505203],[108.51218425,34.2186266],[108.51192786,34.22275223],[108.51173376,34.22614316],[108.51157344,34.2289494],[108.51140391,34.23176042],[108.51126213,34.2344793],[108.511053,34.23794941],[108.51095272,34.24090268],[108.51093765,34.24127145],[108.51046008,34.24320386],[108.5099994,34.24315721],[108.50666,34.24299881],[108.50251378,34.24278504],[108.49985752,34.24279591],[108.49973412,34.24678245],[108.49966296,34.24978648],[108.4995738,34.25242048],[108.49952198,34.25594646],[108.49942978,34.25918105],[108.49930519,34.26279117],[108.49919002,34.26734997],[108.499066,34.27207845],[108.49888235,34.27467086],[108.50029588,34.27670939],[108.50357848,34.27887939],[108.50509036,34.27805557],[108.50592015,34.27387954],[108.51045553,34.27534996],[108.51890807,34.27720687],[108.52755487,34.27956917],[108.53573689,34.28158848],[108.54287579,34.28220322],[108.54608252,34.28685882],[108.54567777,34.29199592],[108.5449125,34.29915855],[108.54305372,34.30717085],[108.54018333,34.31428956],[108.53871655,34.32260707],[108.53715188,34.33095953],[108.53415294,34.33915303],[108.53276325,34.34762468],[108.53421832,34.35634323],[108.53643108,34.36490058],[108.53687969,34.37356127],[108.53676483,34.38234608],[108.53829263,34.39096504],[108.54279378,34.39903415],[108.54994788,34.40574681],[108.55802951,34.41158142],[108.56441338,34.41692947],[108.56873676,34.42286963],[108.57283551,34.42968102],[108.57837369,34.43718188],[108.58480632,34.44428128],[108.59111813,34.45121844],[108.59793991,34.45788537],[108.60663504,34.46304636],[108.61509344,34.46831268],[108.6228139,34.47438021],[108.6310023,34.47924616],[108.63951624,34.48384374],[108.6485132,34.48771316],[108.65790896,34.49039261],[108.66631417,34.49340391],[108.67387056,34.49626933],[108.68429123,34.49890492],[108.69375445,34.50216396],[108.70307934,34.50588573],[108.71329222,34.50844253],[108.72373288,34.50953328],[108.73429504,34.51032242],[108.74476098,34.51223545],[108.75275097,34.51670657],[108.76009269,34.52318939],[108.76756956,34.52847216],[108.77420018,34.53361395],[108.77925005,34.53906685],[108.78688291,34.5445564],[108.79652387,34.54814975],[108.80692978,34.55047424],[108.81749616,34.5527289],[108.82783678,34.5542989],[108.83866272,34.55433815],[108.84937027,34.55324613],[108.85974568,34.55339968],[108.8701513,34.55338272],[108.88086219,34.55289035],[108.89109849,34.55435749],[108.89915043,34.55635002],[108.90724559,34.55725155],[108.91433674,34.55680939],[108.91860379,34.55741657],[108.91622283,34.56189821],[108.91278411,34.56907303],[108.90833605,34.57652225],[108.90559145,34.58500484],[108.90136669,34.59252963],[108.89830278,34.59951458],[108.89762705,34.60526712],[108.90026048,34.60840687],[108.90482548,34.60868249],[108.90881455,34.60887257],[108.90922964,34.60897662],[108.91018968,34.61162939],[108.91259467,34.61178476],[108.91550797,34.61199388],[108.91824032,34.6122071],[108.92202724,34.61250749],[108.92505118,34.61272022],[108.92559145,34.61277098],[108.92892633,34.6130161],[108.93168953,34.61322152],[108.93431786,34.61342166],[108.93739469,34.61370392],[108.9382865,34.6138024],[108.93829959,34.61576426],[108.93826741,34.61412824],[108.93773834,34.61399747],[108.93576021,34.61478269],[108.93344512,34.61574179],[108.9314776,34.61624589],[108.93018747,34.61725794],[108.92792434,34.61752048],[108.92812307,34.61730282]]}},{"type":"Feature","properties":{"segment":3,"date":"2026-07-23","distance_km":170.436},"geometry":{"type":"LineString","coordinates":[[109.0516936,34.55850708],[109.059401,34.55695043],[109.06728694,34.55606666],[109.07474175,34.55529253],[109.08324625,34.55427111],[109.09391881,34.55167264],[109.10405632,34.54836281],[109.11462551,34.54601102],[109.12534956,34.54527876],[109.13578967,34.5458122],[109.14633133,34.54556659],[109.15673473,34.54509265],[109.16738927,34.54593857],[109.17793145,34.54692656],[109.18821397,34.5460948],[109.19794417,34.54299568],[109.2075293,34.53887659],[109.21650591,34.53446521],[109.22422975,34.52843914],[109.23382511,34.52458916],[109.24424318,34.52202468],[109.2528111,34.51666197],[109.2624136,34.51252858],[109.2727478,34.51217318],[109.2837782,34.51324764],[109.29595115,34.51431101],[109.30659454,34.51411095],[109.3164869,34.51267715],[109.32602489,34.50915218],[109.33440544,34.50382939],[109.34357695,34.4993275],[109.35160335,34.49373908],[109.35842734,34.48794646],[109.36310692,34.48223173],[109.36890206,34.48246343],[109.37664397,34.48345525],[109.38581892,34.48339254],[109.39339448,34.48277805],[109.39492823,34.48185185],[109.39621766,34.48180764],[109.39603321,34.48148381],[109.3957596,34.48133008],[109.39539237,34.48125706],[109.39539186,34.48171501],[109.39629956,34.48161671],[109.39865909,34.48174379],[109.39890548,34.48203924],[109.39938262,34.48242265],[109.40455204,34.4826621],[109.41181347,34.48317379],[109.42006816,34.4845379],[109.43041631,34.48477601],[109.44022118,34.48331085],[109.45093288,34.48330152],[109.46117184,34.48182999],[109.47099439,34.47857035],[109.48102483,34.47595803],[109.49154976,34.47553706],[109.50164386,34.47757556],[109.51226482,34.47721128],[109.52117025,34.48133282],[109.52708599,34.48751637],[109.5374094,34.48942181],[109.5478224,34.49262949],[109.55784245,34.49542025],[109.56800904,34.49777628],[109.5783898,34.49840914],[109.58879283,34.49841454],[109.59934213,34.50022898],[109.60977973,34.50184652],[109.62030574,34.50175406],[109.63097975,34.50116395],[109.64050985,34.50052021],[109.65063488,34.49911688],[109.66061865,34.49756627],[109.67114916,34.49750571],[109.68168511,34.49822458],[109.69218567,34.49773704],[109.70280645,34.49642556],[109.71287522,34.49723789],[109.72290488,34.4990457],[109.7336103,34.49990678],[109.74422039,34.50048914],[109.75477493,34.50113002],[109.76489674,34.50296133],[109.77489728,34.5067044],[109.78479898,34.51053817],[109.79551745,34.51281936],[109.80573299,34.51572994],[109.81441603,34.52058553],[109.8242303,34.5232855],[109.83498985,34.5246165],[109.84454606,34.5282395],[109.85431753,34.53273531],[109.86487746,34.53458227],[109.87599364,34.53397554],[109.88691032,34.53286722],[109.89724201,34.53243683],[109.90778495,34.5336655],[109.91814963,34.53675577],[109.92786298,34.54068938],[109.93811493,34.54323261],[109.94875331,34.54373853],[109.95936379,34.54374678],[109.96940458,34.54159021],[109.97942279,34.53853245],[109.98990258,34.53667019],[109.99971473,34.53595277],[110.01064503,34.53551796],[110.02161903,34.53611508],[110.03195332,34.53772024],[110.04235798,34.53942717],[110.05279561,34.53994631],[110.06328797,34.54044227],[110.07387365,34.54238638],[110.08368977,34.54544582],[110.09327605,34.54893173],[110.10232528,34.55407466],[110.10914848,34.55994598],[110.11514387,34.56774114],[110.12051227,34.57561356],[110.12650562,34.5812327],[110.1340846,34.58555129],[110.14178861,34.58918731],[110.14829641,34.59386761],[110.15311378,34.59959881],[110.15775966,34.60597661],[110.164347,34.61046182],[110.17311158,34.61071125],[110.18192864,34.61167067],[110.18997944,34.61293622],[110.19870676,34.61284941],[110.20761562,34.61111425],[110.21627704,34.61023121],[110.22535365,34.61111817],[110.23469662,34.60985906],[110.24420223,34.61027459],[110.25261902,34.60813694],[110.26013906,34.60568062],[110.26930962,34.60497139],[110.27695382,34.60605112],[110.28536432,34.60733317],[110.29382556,34.60611284],[110.30206816,34.60385258],[110.31019298,34.6038322],[110.31904815,34.60260486],[110.32646348,34.59978511],[110.32558976,34.59917859],[110.32454961,34.60238237],[110.32473091,34.60569027],[110.32515128,34.61093424],[110.32552836,34.61559138],[110.32572552,34.61808509],[110.32595422,34.62168226],[110.32454501,34.62567172],[110.32598696,34.62651053],[110.33168614,34.62502002],[110.33686974,34.62458131],[110.34280534,34.62421262],[110.3492631,34.62332972],[110.35420824,34.62147622],[110.35946934,34.62111466],[110.36484958,34.62108937],[110.36861409,34.62088309],[110.37417658,34.62057912],[110.3795428,34.61932022],[110.38558585,34.61614519],[110.3926252,34.61540217],[110.3972958,34.61525284],[110.40155373,34.61511567],[110.40742105,34.61694058],[110.41382965,34.61842558],[110.42056955,34.61827722],[110.42613117,34.62063543],[110.43228196,34.62219134],[110.43842177,34.62467037],[110.44241005,34.62797069],[110.44650529,34.62882578],[110.45234008,34.62852216],[110.45736961,34.62820075],[110.46278411,34.62756555],[110.46800486,34.62698105],[110.4733902,34.62667853],[110.47800534,34.62662332],[110.48390762,34.62724382],[110.48965694,34.62786796],[110.49529927,34.62762704],[110.50206953,34.6267518],[110.50699417,34.62611443],[110.51146502,34.62560329],[110.51686391,34.62513534],[110.52182098,34.62471184],[110.52679771,34.62462646],[110.53275317,34.6255136],[110.53800605,34.62406766],[110.54382124,34.6233833],[110.54958429,34.62296362],[110.55579407,34.62269646],[110.56055331,34.62074637],[110.56614292,34.62041297],[110.57211724,34.62171542],[110.578702,34.62323336],[110.58626945,34.62301136],[110.59366954,34.62280664],[110.59933605,34.622646],[110.60489368,34.62258969],[110.61042902,34.62483207],[110.61310619,34.62855245],[110.61347055,34.63314818],[110.61397153,34.63675323],[110.61499592,34.63999537],[110.617565,34.64474111],[110.62263092,34.64814448],[110.62780478,34.65154909],[110.63405709,34.65463976],[110.639678,34.65774034],[110.64470398,34.66048878],[110.65114773,34.66218764],[110.65747042,34.66437944],[110.66251873,34.66614566],[110.66765144,34.667945],[110.67198668,34.67121248],[110.67318007,34.67581017],[110.67389766,34.67854151],[110.67491715,34.68247646],[110.67566981,34.68530968],[110.67637179,34.687873],[110.67700565,34.69041891],[110.67772319,34.69363309],[110.67793849,34.69568103],[110.6781644,34.69776961],[110.67819056,34.69892143],[110.67829744,34.70198655],[110.67844526,34.70576009],[110.67857226,34.70884582],[110.67871883,34.71278412],[110.68074566,34.71549108],[110.6878351,34.71536692],[110.68837607,34.71680639],[110.68944139,34.71743468],[110.68970488,34.7181017],[110.68936507,34.71810773],[110.68900855,34.71802732],[110.68834965,34.71821892],[110.68777874,34.71843895],[110.68781046,34.71878224],[110.68796339,34.71903294],[110.68777891,34.71930017],[110.68776454,34.71977892],[110.68775013,34.72024673],[110.68766712,34.72059391],[110.68766793,34.72089461],[110.68772118,34.72123444],[110.68768117,34.72154161],[110.68767623,34.72182918],[110.68763836,34.72217883],[110.68765026,34.722477],[110.68761493,34.7228458],[110.68758372,34.72316234],[110.68760893,34.72356176],[110.68752945,34.72389318]]}},{"type":"Feature","properties":{"segment":4,"date":"2026-07-23","distance_km":4.664},"geometry":{"type":"LineString","coordinates":[[110.68773597,34.7241635],[110.68748301,34.72437498],[110.68762771,34.72471602],[110.68713789,34.72474471],[110.68707677,34.72503434],[110.68717538,34.72540561],[110.68769786,34.72547778],[110.68805987,34.72566622],[110.68822501,34.72518825],[110.68783567,34.72481494],[110.68784518,34.72454462],[110.68797058,34.72428506],[110.6882107,34.72395666],[110.6878654,34.72372831],[110.68790705,34.72328803],[110.68790764,34.72277682],[110.687801,34.72312205],[110.68739195,34.7231647],[110.6875566,34.72284318],[110.68732177,34.72263171],[110.68738149,34.72233114],[110.68758828,34.72209157],[110.68760341,34.72178504],[110.68763309,34.721213],[110.68765443,34.72084048],[110.68765143,34.72052807],[110.68774235,34.72001886],[110.68773734,34.71974557],[110.68773733,34.71943814],[110.68788145,34.71898377],[110.68791119,34.7186904],[110.688141,34.71844271],[110.6884622,34.71821972],[110.68884689,34.71818672],[110.68926492,34.71811263],[110.68967109,34.71815295],[110.68924114,34.7181035],[110.6880851,34.71681754],[110.68789384,34.71466026],[110.68764523,34.709863],[110.68753549,34.70780312],[110.68743254,34.70605192],[110.68732936,34.70420614],[110.68722288,34.70263372],[110.68712916,34.70041024],[110.68704442,34.69896051],[110.68698109,34.69792709],[110.68811242,34.69728635],[110.68998317,34.69683617],[110.68996727,34.69612424],[110.68999557,34.69640489],[110.68991358,34.69670453],[110.68964959,34.69721402],[110.68762762,34.69738206],[110.68865927,34.69719432],[110.68941572,34.69680375],[110.68993521,34.69670315]]}},{"type":"Feature","properties":{"segment":5,"date":"2026-07-24","distance_km":1.189},"geometry":{"type":"LineString","coordinates":[[110.68528315,34.69238888],[110.68492681,34.69247022],[110.68482603,34.69273871],[110.684935,34.693014],[110.68499329,34.69338519],[110.684996,34.692977],[110.685056,34.693323],[110.68494179,34.69366393],[110.685059,34.693356],[110.684996,34.692977],[110.68533754,34.69347713],[110.685153,34.693157],[110.685181,34.69346],[110.68529201,34.69379728],[110.684962,34.693924],[110.685171,34.693544],[110.684956,34.693925],[110.685182,34.693541],[110.684248,34.693898],[110.684927,34.693928],[110.68453,34.693961],[110.684575,34.693377],[110.684742,34.693094],[110.684536,34.693392],[110.68477,34.693031],[110.6851553,34.69308887],[110.68485178,34.69283596],[110.68446974,34.69256287]]}},{"type":"Feature","properties":{"segment":6,"date":"2026-07-24","distance_km":174.309},"geometry":{"type":"LineString","coordinates":[[110.684968,34.692318],[110.685601,34.692269],[110.68521,34.692289],[110.685681,34.692537],[110.685601,34.692269],[110.685685,34.692663],[110.685641,34.692395],[110.68551716,34.69271073],[110.68474051,34.69237128],[110.68303567,34.69248735],[110.6820555,34.69253298],[110.67907731,34.69270226],[110.67744628,34.69241601],[110.67666314,34.68942792],[110.67584048,34.68616665],[110.6751534,34.68347285],[110.67422415,34.67993464],[110.67385518,34.6786884],[110.67340594,34.67677592],[110.67731585,34.67636041],[110.68309726,34.67614926],[110.68741975,34.6759843],[110.69281472,34.67578168],[110.69845979,34.67557247],[110.70369895,34.6753549],[110.70877314,34.67561853],[110.7091523,34.68011864],[110.70945921,34.68468692],[110.70978384,34.68896321],[110.71271413,34.69062205],[110.71788073,34.69056712],[110.72307802,34.69048016],[110.72857424,34.69038752],[110.73388624,34.69029654],[110.73938007,34.69020055],[110.74356975,34.69227313],[110.74383535,34.69670105],[110.74402728,34.7013636],[110.74425919,34.70597154],[110.74597255,34.70880425],[110.7531955,34.70906448],[110.75897535,34.70921707],[110.76567044,34.70980415],[110.77190561,34.71197584],[110.77775526,34.71406608],[110.78356947,34.71614355],[110.78877511,34.71800218],[110.79347023,34.71967884],[110.79502436,34.72021482],[110.79776434,34.72110963],[110.80378032,34.72422035],[110.8096192,34.72765383],[110.81537986,34.73112396],[110.82119654,34.73461668],[110.82701642,34.73811787],[110.83217363,34.74120699],[110.83746823,34.7425276],[110.84226208,34.74697518],[110.84839556,34.74939702],[110.8550791,34.75032286],[110.85959552,34.75142644],[110.86022096,34.75140804],[110.86111047,34.75343968],[110.86107408,34.75814361],[110.85971596,34.76197428],[110.85791829,34.7643668],[110.85860002,34.76891815],[110.85981829,34.77451739],[110.86085912,34.7799744],[110.86197392,34.78545604],[110.86437792,34.7910007],[110.86773943,34.79614853],[110.87024937,34.80146718],[110.85618374,34.88544417],[110.86043332,34.89043942],[110.86589444,34.89432303],[110.87122996,34.89844306],[110.87835168,34.90000973],[110.88451352,34.9031308],[110.89003183,34.90669728],[110.89286126,34.91013984],[110.88802135,34.91263538],[110.88090284,34.91670657],[110.87424218,34.92312703],[110.8697062,34.92918401],[110.86678854,34.93723051],[110.86400561,34.945483],[110.8622115,34.95399459],[110.86249984,34.96196953],[110.86256427,34.96979426],[110.86085516,34.977036],[110.85828794,34.98475996],[110.8557491,34.99239194],[110.85227727,34.99940426],[110.84846173,35.0042838],[110.84446009,35.00891432],[110.84359926,35.01218521],[110.85072191,35.01428493],[110.86066798,35.01571176],[110.87073905,35.016484],[110.8798451,35.01715825],[110.8869383,35.01703799],[110.89286688,35.01455366],[110.89921025,35.01581534],[110.90252768,35.02118732],[110.90452834,35.0278769],[110.90668473,35.03488867],[110.91048455,35.04299839],[110.9160098,35.0504577],[110.923159,35.05709203],[110.93172685,35.06261912],[110.94048867,35.06727691],[110.94813549,35.07240797],[110.95430395,35.07969842],[110.95926732,35.08737609],[110.96310147,35.09328227],[110.9671766,35.09824946],[110.97309825,35.10314432],[110.98114662,35.10892097],[110.98785365,35.11560449],[110.99318463,35.12305574],[110.99957215,35.13036237],[111.00722133,35.13656264],[111.01544229,35.14247839],[111.02331336,35.14821849],[111.03041466,35.1546073],[111.03591494,35.16130407],[111.04032173,35.16834318],[111.04388888,35.17358013],[111.04606906,35.17483049],[111.0467817,35.17496243],[111.04718853,35.17490293],[111.04681711,35.17483543],[111.04659274,35.17527978],[111.04700374,35.17673699],[111.05155898,35.18021727],[111.06029918,35.18475602],[111.06824813,35.19075624],[111.0740853,35.1979564],[111.0792612,35.20567923],[111.0845629,35.21365766],[111.09001934,35.22126451],[111.09522432,35.22881328],[111.09950625,35.23692516],[111.10332532,35.24518641],[111.10768311,35.25328377],[111.11039364,35.26171983],[111.11313821,35.2698537],[111.11838799,35.277385],[111.12412027,35.2847418],[111.12947431,35.29245547],[111.13626724,35.29923543],[111.14406716,35.30527923],[111.15062617,35.31237569],[111.15796017,35.31881357],[111.16476614,35.32551664],[111.16986409,35.33332035],[111.17414023,35.34130796],[111.1767599,35.34794349],[111.17907554,35.3533821],[111.18245275,35.35880097],[111.18809529,35.36523625],[111.195144,35.371947],[111.20413499,35.37660526],[111.21481343,35.37946919],[111.22468149,35.38227735],[111.23236286,35.38612235],[111.23779955,35.39027011],[111.24549919,35.39669914],[111.25429881,35.40324014],[111.2637425,35.40783586],[111.27243052,35.41261648],[111.27948876,35.41876021],[111.28495866,35.42689907],[111.2890465,35.43490828],[111.29406009,35.44301306],[111.30063489,35.44996898],[111.30665205,35.45676797],[111.31184421,35.46442543],[111.31669412,35.47196098],[111.32144607,35.47980276],[111.32377887,35.48827474],[111.32316312,35.49651974],[111.32132684,35.50520346],[111.31916517,35.51402765],[111.31571721,35.52231567],[111.31185189,35.53031636],[111.3095675,35.53896386],[111.30940089,35.54773418],[111.30912545,35.55632631],[111.30304012,35.56377713],[111.29371624,35.56814676],[111.28465919,35.57249553],[111.27766504,35.5781379],[111.27296379,35.58554205],[111.2704751,35.59405423],[111.27042637,35.60269625],[111.27127473,35.61176436],[111.27084823,35.62050393],[111.26895784,35.62904119],[111.267927,35.63772863],[111.26859411,35.6462954],[111.27006158,35.65509045],[111.26976539,35.66370906],[111.26922605,35.67152218],[111.27128115,35.67740697],[111.27344091,35.68275006],[111.27453856,35.68800277],[111.2784311,35.69136168],[111.28683793,35.69255522],[111.29584026,35.69379282],[111.30502705,35.69584602],[111.31336066,35.69845091],[111.32241748,35.70068463],[111.33186542,35.70097069],[111.34031856,35.69998458],[111.34935926,35.70002902],[111.35787705,35.7004486],[111.36693635,35.69981354],[111.37556133,35.69839769],[111.38419721,35.69817697],[111.3926784,35.69924643],[111.39615338,35.69800649],[111.39509998,35.69450689],[111.39461301,35.68942431],[111.39652999,35.68507258],[111.39879544,35.68012037],[111.39761105,35.67738959],[111.39293042,35.67483186],[111.38852838,35.67234663],[111.38788406,35.66883052],[111.38785124,35.66481898],[111.38869886,35.66392497],[111.38994785,35.66392147],[111.38868798,35.66396594],[111.38817342,35.6639548],[111.38782183,35.66204816],[111.38779154,35.65833031],[111.38778264,35.65420886],[111.38777992,35.6488161],[111.38781445,35.64342809],[111.38776409,35.63847338],[111.38776452,35.63638808],[111.38775954,35.63436382],[111.38773369,35.63000826],[111.38697691,35.627539],[111.38345923,35.62750722],[111.38055247,35.62747784],[111.38012919,35.62740384],[111.38014765,35.62465861],[111.38011391,35.62358535],[111.37995664,35.62334336],[111.37983176,35.62374022],[111.37942626,35.62370785],[111.37982159,35.62368267]]}},{"type":"Feature","properties":{"segment":7,"date":"2026-07-24","distance_km":7.979},"geometry":{"type":"LineString","coordinates":[[111.37943989,35.62358216],[111.37984321,35.62351994],[111.37997506,35.62313365],[111.38017655,35.62125717],[111.38023584,35.61893697],[111.38096202,35.61857638],[111.3830615,35.61897559],[111.38759608,35.61989338],[111.38788391,35.62177213],[111.38788758,35.6220592],[111.38789562,35.62444511],[111.38789821,35.62530714],[111.38790369,35.62720952],[111.38790833,35.62892802],[111.38791723,35.63158309],[111.38792686,35.63529388],[111.38793122,35.63598811],[111.38792521,35.64019499],[111.38793669,35.64451275],[111.38794218,35.64904413],[111.38795281,35.65383943],[111.38799496,35.65799719],[111.38794225,35.66044692],[111.38821548,35.66378321],[111.38866547,35.66385366],[111.388483,35.664115],[111.388296,35.663876],[111.38874073,35.66387081],[111.39130458,35.663994],[111.39172575,35.66339646],[111.39427477,35.66329723],[111.39826062,35.66314469],[111.40089161,35.66304266],[111.40127552,35.66302182],[111.40248871,35.66283756],[111.40243542,35.66104814],[111.40381011,35.66031807],[111.40425908,35.66088147]]}},{"type":"Feature","properties":{"segment":8,"date":"2026-07-24","distance_km":8.133},"geometry":{"type":"LineString","coordinates":[[111.38786175,35.64557749],[111.3878571,35.64157776],[111.38780183,35.63771572],[111.38781419,35.63569757],[111.3878254,35.63260564],[111.3877728,35.62897478],[111.38776973,35.62772667],[111.38778317,35.62590831],[111.38777916,35.62281109],[111.38778809,35.6224852],[111.38756991,35.62000281],[111.38425879,35.61931681],[111.38133351,35.61875503],[111.37927734,35.61836689],[111.37598321,35.61773328],[111.37210111,35.61698973],[111.36819507,35.61624478],[111.36430325,35.61546595],[111.36289181,35.61519565],[111.36251452,35.61464397],[111.36275066,35.61205019],[111.36281591,35.61081046],[111.36297375,35.60944249],[111.36318713,35.60685723],[111.36339885,35.60448392],[111.3623508,35.60236751],[111.35735975,35.60150209],[111.35627159,35.60130628],[111.35189077,35.60063699],[111.3499327,35.60033469],[111.34968178,35.60055748],[111.35001094,35.6007374],[111.35041583,35.60080679],[111.35013374,35.60128565],[111.34983893,35.60144078],[111.350163,35.601301],[111.3497439,35.60140796],[111.350087,35.601448],[111.34971714,35.60144525],[111.35032911,35.6015622]]}},{"type":"Feature","properties":{"segment":9,"date":"2026-07-24","distance_km":0.116},"geometry":{"type":"LineString","coordinates":[[111.35002783,35.601889],[111.350128,35.601422],[111.34981,35.601929]]}},{"type":"Feature","properties":{"segment":10,"date":"2026-07-24","distance_km":82.1},"geometry":{"type":"LineString","coordinates":[[111.350128,35.601422],[111.350038,35.601855],[111.35042792,35.60196746],[111.35012,35.601854],[111.35064329,35.60235872],[111.351109,35.602519],[111.350982,35.602828],[111.35094429,35.60237431],[111.35083278,35.60211236],[111.35090209,35.60178285],[111.35086128,35.60147532],[111.35086,35.601005],[111.350325,35.6007963],[111.34987163,35.60086203],[111.34984915,35.60053388],[111.350346,35.599979],[111.34987196,35.60040512],[111.35033,35.60024],[111.350367,35.599626],[111.350301,35.600193],[111.349754,35.600457],[111.350471,35.600295],[111.350378,35.599986],[111.34986961,35.60036326],[111.350363,35.600489],[111.34985524,35.60037805],[111.35017,35.600505],[111.34984497,35.60037528],[111.35268292,35.60065017],[111.35619125,35.60175789],[111.35543163,35.60478455],[111.35477471,35.60638762],[111.3551011,35.60802489],[111.35531255,35.60933661],[111.35541065,35.60999883],[111.35397374,35.61004598],[111.35115299,35.6096631],[111.34688462,35.60906136],[111.34410649,35.60869286],[111.34084722,35.6082863],[111.33971752,35.60816461],[111.33435803,35.6077843],[111.32966347,35.60719774],[111.32465669,35.60614818],[111.31914685,35.60499304],[111.31433763,35.60398702],[111.31013476,35.60307423],[111.30546657,35.60206087],[111.30092854,35.60107533],[111.29612934,35.60015555],[111.29140575,35.60043834],[111.29031517,35.60063143],[111.28590973,35.60114666],[111.28520904,35.59919537],[111.27939503,35.59986283],[111.27585411,35.6029558],[111.27453046,35.60536363],[111.27283457,35.60694935],[111.27123796,35.61067531],[111.2710952,35.61913321],[111.26934621,35.62770353],[111.26803211,35.63648655],[111.26846183,35.64539224],[111.26995651,35.65423589],[111.2699085,35.66297554],[111.26918872,35.67120689],[111.2721335,35.67947104],[111.27424404,35.68787844],[111.27430959,35.69643477],[111.27607156,35.70457584],[111.27986858,35.71216522],[111.28389637,35.71935177],[111.28632332,35.72661633],[111.28743857,35.73400918],[111.28924706,35.74231339],[111.29309334,35.75007964],[111.29619157,35.75840864],[111.29714249,35.76624464],[111.29863646,35.77506011],[111.30193212,35.78379295],[111.30569158,35.79208065],[111.31061151,35.80029422],[111.31672862,35.80777611],[111.32205983,35.81550083],[111.3245953,35.8241577],[111.32613212,35.83339264],[111.32976952,35.84166877],[111.3339002,35.85007317],[111.33639653,35.85878501],[111.33907171,35.86734747],[111.34330527,35.87511829],[111.34893188,35.88274151],[111.35430298,35.89064393],[111.3581002,35.89896449],[111.36241377,35.90715811],[111.36858805,35.9145831],[111.37353471,35.92224816],[111.3769675,35.9305503],[111.38027979,35.93898865],[111.38472162,35.94649882],[111.38964224,35.95461064],[111.39258389,35.96324294],[111.39348033,35.97209613],[111.39508237,35.98104397],[111.39950948,35.9889075],[111.40439215,35.99723929],[111.40716189,36.00576331],[111.4102605,36.01413378],[111.41518421,36.02218126],[111.42048415,36.02997974],[111.42738836,36.03691805],[111.43357705,36.04444808],[111.43749958,36.05296882],[111.44257038,36.06064246],[111.44827842,36.06841432],[111.44909569,36.0765789],[111.44837948,36.08271541],[111.44907209,36.08773709],[111.45178612,36.08639548],[111.45187537,36.0824968],[111.45442568,36.07995748],[111.45846505,36.07837058],[111.46338021,36.07609596],[111.4685768,36.07330242],[111.47303513,36.07090198],[111.47751015,36.06850073],[111.48195016,36.06604075],[111.48427201,36.06482111],[111.48503134,36.06498028],[111.48605885,36.06860618],[111.4871869,36.07351601],[111.48862093,36.07897724],[111.48997218,36.08408973],[111.49158678,36.09015103],[111.49271421,36.09441811],[111.49362768,36.09740116],[111.49518804,36.09807389],[111.49884096,36.09720186],[111.49967165,36.09698957],[111.50066439,36.09675519],[111.5039247,36.09598347],[111.50526738,36.0956788],[111.50914527,36.09472311],[111.51114997,36.09422897],[111.51338755,36.09386634],[111.51622271,36.09345382],[111.51939948,36.09278242],[111.52214193,36.09137866],[111.5227758,36.09101718],[111.52268882,36.09048174],[111.52222616,36.08948686],[111.52186981,36.08872896],[111.52123542,36.08736067],[111.52271571,36.08659521],[111.52250849,36.08611731],[111.52226713,36.08566086],[111.52210893,36.08532325],[111.52227145,36.08556376],[111.52260165,36.08621494],[111.5228657,36.08660234],[111.52387974,36.08652909],[111.52549595,36.08664133],[111.52802115,36.08689167],[111.53001665,36.08690567],[111.52954921,36.08538681],[111.52897042,36.08427262],[111.52770662,36.08189862],[111.52694155,36.0807662],[111.52530977,36.08127703],[111.52387246,36.08174268],[111.5222528,36.08229049],[111.52128473,36.08266578],[111.5198757,36.08310333],[111.51814421,36.08366676],[111.51778046,36.083885],[111.5178143,36.08424303],[111.516334,36.084954]]}},{"type":"Feature","properties":{"segment":11,"date":"2026-07-24","distance_km":28.401},"geometry":{"type":"LineString","coordinates":[[111.51741323,36.08492176],[111.51802958,36.08463357],[111.51781921,36.08417275],[111.51757145,36.08387837],[111.51649396,36.08419176],[111.51494711,36.08466969],[111.51325125,36.08521122],[111.51119737,36.08586789],[111.50945138,36.08647213],[111.50964038,36.08860805],[111.51059457,36.09116609],[111.51093313,36.09208388],[111.5115423,36.09391192],[111.509749,36.09465462],[111.50522483,36.09575662],[111.50149062,36.09669325],[111.50069998,36.09689293],[111.49873685,36.09732773],[111.4958145,36.09802045],[111.49544974,36.09813655],[111.49496081,36.09824964],[111.49427378,36.09842868],[111.49425082,36.10003528],[111.49520808,36.10364737],[111.49569318,36.10534057],[111.49587088,36.10600814],[111.49597694,36.10665029],[111.49731298,36.11021008],[111.4993903,36.11416452],[111.5008132,36.11686623],[111.50379345,36.12100849],[111.50752144,36.12514719],[111.5111726,36.12920688],[111.51488843,36.13333122],[111.51894448,36.13745101],[111.52484643,36.14003191],[111.53112988,36.14228517],[111.53587547,36.14493639],[111.54111103,36.14787861],[111.54604034,36.15064469],[111.54868585,36.15212934],[111.55076648,36.15333821],[111.55592451,36.15623671],[111.56056453,36.15883495],[111.56509691,36.16253833],[111.56839131,36.16726283],[111.57151474,36.1727123],[111.57475799,36.17768477],[111.57713103,36.17993032],[111.5792765,36.18139316],[111.58541152,36.18419697],[111.59186224,36.1874642],[111.59544914,36.19237902],[111.59713846,36.1984655],[111.59939432,36.20365831],[111.60447882,36.20745787],[111.61116795,36.21040035],[111.61742394,36.2132088],[111.62230596,36.21771223],[111.62357735,36.22346605],[111.62140524,36.22930851],[111.62062292,36.23506555],[111.62425847,36.24016688],[111.62899363,36.24425622],[111.63398874,36.24856338],[111.63846355,36.25209813],[111.6428877,36.25452106],[111.64640354,36.25453296],[111.64990804,36.2537209],[111.6534591,36.25292452],[111.65715339,36.25208281],[111.66036246,36.25136589],[111.66124646,36.25167854]]}},{"type":"Feature","properties":{"segment":12,"date":"2026-07-24","distance_km":0.237},"geometry":{"type":"LineString","coordinates":[[111.66138535,36.25200527],[111.66128324,36.25238992],[111.661177,36.251779],[111.660927,36.25138],[111.66161927,36.25175073]]}},{"type":"Feature","properties":{"segment":13,"date":"2026-07-25","distance_km":19.209},"geometry":{"type":"LineString","coordinates":[[111.66134027,36.25218715],[111.66112382,36.25159974],[111.66112521,36.24995744],[111.66237567,36.24873614],[111.66567546,36.24856718],[111.6695174,36.24775849],[111.67192938,36.24703369],[111.67346915,36.2465804],[111.67629547,36.24575694],[111.6803919,36.24431513],[111.68418116,36.24283611],[111.68827259,36.24100317],[111.69252925,36.23909184],[111.69388545,36.23848185],[111.69430539,36.23846687],[111.69481352,36.2417999],[111.69518202,36.24456875],[111.69538156,36.24609264],[111.69552282,36.24712795],[111.69586867,36.25005061],[111.69610995,36.25193763],[111.69670787,36.25641808],[111.69706271,36.25879622],[111.69736826,36.26138143],[111.69799041,36.2655656],[111.70047517,36.26601768],[111.70502464,36.26435339],[111.7105776,36.26452252],[111.71589804,36.26474155],[111.7214959,36.26496849],[111.72675423,36.26518279],[111.73234494,36.26540751],[111.73785277,36.26563118],[111.74339159,36.26584775],[111.74992504,36.26611053],[111.75608597,36.26660086],[111.75994506,36.26889157],[111.76282731,36.27270895],[111.76576011,36.27670735],[111.76986556,36.27993027],[111.77497026,36.28129969],[111.7799574,36.28255071],[111.78532465,36.28402732],[111.78919383,36.28656006],[111.79232155,36.28951687],[111.79382068,36.28990366],[111.79524726,36.29124976],[111.79642737,36.29279782],[111.79811316,36.29433937],[111.79818766,36.29480018],[111.79886,36.294448],[111.79923,36.2944],[111.79968187,36.2947228],[111.79986224,36.29514544],[111.79994144,36.2955729],[111.799908,36.296069],[111.800004,36.296495],[111.800438,36.297341],[111.8006797,36.29785745],[111.80060183,36.29828817],[111.80134326,36.29978862],[111.80184278,36.29947469],[111.80206943,36.29784281],[111.80262679,36.29787597],[111.80412301,36.29945533],[111.80468791,36.3016007],[111.80515323,36.3010968],[111.80647218,36.30102918],[111.80660963,36.30144356],[111.806512,36.301138],[111.80672,36.301532],[111.806724,36.301893],[111.80652153,36.30157994],[111.806725,36.301914],[111.80688382,36.30221262],[111.806703,36.301873],[111.80695842,36.30240534],[111.806714,36.301881],[111.80672325,36.30221926],[111.80704297,36.30234251],[111.806736,36.30203]]}},{"type":"Feature","properties":{"segment":14,"date":"2026-07-25","distance_km":57.038},"geometry":{"type":"LineString","coordinates":[[111.806618,36.301215],[111.80633673,36.30079992],[111.80581936,36.30088503],[111.80546093,36.30153142],[111.80557642,36.30187776],[111.80569744,36.30228363],[111.80562095,36.30255593],[111.80531871,36.30231454],[111.804914,36.30247681],[111.80449889,36.30261644],[111.80417324,36.30268858],[111.80380524,36.30270941],[111.80333273,36.30260749],[111.80302414,36.30247544],[111.80257953,36.30246376],[111.80240766,36.30271857],[111.801364,36.301966],[111.802015,36.302832],[111.80191369,36.30318405],[111.80178413,36.30350429],[111.801594,36.303754],[111.801122,36.3042],[111.801594,36.303754],[111.801792,36.3035252],[111.801594,36.303754],[111.80188896,36.30404449],[111.801554,36.304217],[111.801626,36.303912],[111.80191456,36.30370399],[111.80211061,36.30395154],[111.80230013,36.30358952],[111.801631,36.303321],[111.802192,36.303501],[111.80236728,36.30377906],[111.801592,36.304333],[111.801124,36.304213],[111.802107,36.304397],[111.802451,36.304207],[111.80270311,36.30446311],[111.802451,36.304207],[111.801764,36.303689],[111.80233832,36.30371601],[111.80222077,36.3034299],[111.80210315,36.30316494],[111.80170861,36.30268499],[111.801997,36.302932],[111.801634,36.302613],[111.801512,36.30223],[111.80137,36.301887],[111.80154,36.302376],[111.80150899,36.3019221],[111.80152946,36.30164222],[111.80149683,36.30116802],[111.80139939,36.30067767],[111.80133025,36.30034376],[111.80126606,36.29975089],[111.80110544,36.29916348],[111.80098804,36.29888362],[111.80081092,36.29856322],[111.80084198,36.2981941],[111.80069816,36.29787505],[111.800615,36.298192],[111.800206,36.296928],[111.800074,36.296468],[111.798801,36.300285],[111.79985899,36.29619938],[111.79982639,36.29592852],[111.79973392,36.29558869],[111.799343,36.295534],[111.79877359,36.29575534],[111.79826049,36.29529121],[111.79806874,36.29488998],[111.79645922,36.29373976],[111.79611211,36.29329129],[111.79615588,36.29282199],[111.79467089,36.29050186],[111.79387255,36.29063216],[111.79326965,36.29068984],[111.79005731,36.28763939],[111.78607205,36.2845348],[111.78071199,36.28289938],[111.77563829,36.2816222],[111.77046036,36.28029696],[111.76616862,36.27753448],[111.76354633,36.27400176],[111.76098355,36.27050925],[111.75713749,36.26711557],[111.75194015,36.26632813],[111.74703305,36.26613483],[111.74200658,36.26593441],[111.73651285,36.26571825],[111.73089298,36.26549286],[111.7250017,36.26537546],[111.72552429,36.26661891],[111.72875893,36.26629865],[111.72896876,36.26056216],[111.72802465,36.25301992],[111.72481236,36.2454921],[111.72220865,36.23727821],[111.72050149,36.22879741],[111.71558085,36.22140616],[111.71106467,36.21407089],[111.70703888,36.20595086],[111.70328074,36.1982897],[111.7001755,36.19434595],[111.69402936,36.19726548],[111.68362972,36.2000476],[111.6728148,36.19973636],[111.66203737,36.20015978],[111.65187465,36.2029679],[111.6418628,36.20628976],[111.63292276,36.21047797],[111.62392022,36.21530254],[111.61483096,36.22006266],[111.6052067,36.22425392],[111.59565898,36.22835574],[111.58616264,36.23156954],[111.57633409,36.23445319],[111.56680692,36.23797583],[111.5576295,36.24251834],[111.54858605,36.24700739],[111.5405035,36.25034461],[111.53682751,36.24622346],[111.53036139,36.24008234],[111.52345586,36.23310075],[111.51621172,36.22762126],[111.51048476,36.22029291],[111.50693946,36.21218041],[111.50231997,36.20500669],[111.49790367,36.19875396],[111.49476235,36.19587495],[111.49495632,36.19806176],[111.49310923,36.19955565],[111.48876394,36.20153042],[111.48483369,36.20338051],[111.4803504,36.20518023],[111.47866323,36.20714672],[111.4798057,36.21137013],[111.47618773,36.21387439],[111.4714081,36.21554244],[111.46619399,36.21518152],[111.46394197,36.21500662],[111.46346774,36.21499198],[111.46173492,36.21487111],[111.45870195,36.2165134],[111.45669387,36.21885005],[111.45218763,36.21980148],[111.44778475,36.22154142],[111.44320043,36.22298365],[111.43991877,36.22578265],[111.43631677,36.22858968],[111.44053712,36.22506943],[111.44480473,36.22177693],[111.45015911,36.22096989],[111.45470709,36.21854946],[111.45921967,36.21827901],[111.4595027,36.21474634],[111.46301424,36.21485402],[111.46344124,36.2149207],[111.46673837,36.21519307],[111.47222416,36.21537457],[111.47708842,36.21343212],[111.47949876,36.21015414],[111.47811843,36.20650716],[111.4777265,36.20630475],[111.47787521,36.20598806],[111.47747678,36.20608518],[111.477832,36.206194]]}},{"type":"Feature","properties":{"segment":15,"date":"2026-07-25","distance_km":56.313},"geometry":{"type":"LineString","coordinates":[[111.47797743,36.20582022],[111.47886966,36.20783177],[111.47980857,36.21146057],[111.47716291,36.21350734],[111.47359609,36.21511945],[111.47280913,36.21529509],[111.46884831,36.21542202],[111.46541986,36.215157],[111.46380248,36.21503036],[111.46138756,36.21485317],[111.45901703,36.21700767],[111.45647512,36.21880827],[111.45223692,36.21978838],[111.44759942,36.22153606],[111.44290751,36.22320518],[111.43926218,36.22630612],[111.43510417,36.22926381],[111.43058415,36.2314394],[111.42627868,36.23401744],[111.42240868,36.23658268],[111.41935779,36.23793126],[111.41680322,36.23952217],[111.41693571,36.24434912],[111.41355742,36.2474473],[111.40961998,36.25008418],[111.41057971,36.25387839],[111.41025516,36.25776341],[111.41597238,36.25845885],[111.41473794,36.26095398],[111.40954381,36.26143251],[111.40454918,36.26376893],[111.39801375,36.26486127],[111.3948815,36.267874],[111.39075241,36.26506892],[111.38597368,36.26324583],[111.38115353,36.26370271],[111.3770333,36.26495032],[111.37279781,36.26731876],[111.36820469,36.26911575],[111.36417416,36.27098329],[111.36026881,36.27342322],[111.35790976,36.27681046],[111.35877528,36.2807085],[111.35668147,36.28472872],[111.35948534,36.28906519],[111.35536753,36.29001273],[111.35109671,36.29041946],[111.34835863,36.29313063],[111.34612036,36.29663459],[111.34337287,36.29864841],[111.33889413,36.2958136],[111.33386059,36.2956099],[111.32878074,36.29914411],[111.32342042,36.29636094],[111.32039851,36.29193844],[111.3168839,36.28886276],[111.31648841,36.28432249],[111.31184007,36.28273319],[111.306791,36.28525241],[111.30200095,36.28737587],[111.29700073,36.28863556],[111.29178176,36.28931237],[111.28646521,36.28884219],[111.28159023,36.28794656],[111.27686215,36.28626061],[111.27187746,36.28496909],[111.26653261,36.28459468],[111.2627261,36.28457192],[111.257576,36.28503904],[111.25297172,36.28776752],[111.24958892,36.29117239],[111.24615169,36.29349869],[111.24193269,36.29621813],[111.23857725,36.29965634],[111.23461692,36.30268989],[111.2329688,36.30678045],[111.23041321,36.3107083],[111.22702442,36.31362003],[111.2230535,36.31611426],[111.2210576,36.32027469],[111.21929579,36.32432381],[111.21612658,36.32764034],[111.21131161,36.3298431],[111.20816831,36.33285074],[111.20517372,36.33617751],[111.20220856,36.33947089],[111.20035985,36.34328147],[111.20205636,36.34739132],[111.2001214,36.35130331],[111.1987867,36.35455537],[111.19871045,36.35743294],[111.19677171,36.36082875],[111.19594207,36.36473464],[111.1922977,36.36726011],[111.18718554,36.36803465],[111.18198138,36.36890527],[111.1767343,36.3672453],[111.17211057,36.36814769],[111.16677569,36.36948733],[111.16306024,36.37304454],[111.15931306,36.37603769],[111.15490523,36.37806545],[111.1506878,36.37503458],[111.14624567,36.37423988],[111.14262082,36.37825238],[111.13759709,36.37869067],[111.13244896,36.37848959],[111.13125385,36.38222429],[111.12599536,36.38112446],[111.12217803,36.38205393],[111.12270087,36.38653114],[111.12031705,36.38986009],[111.11546849,36.39169905],[111.11112124,36.39229596],[111.10702776,36.39538268],[111.10715794,36.39851364],[111.10703952,36.39941683],[111.10435709,36.40343716],[111.10181567,36.40546582],[111.10061792,36.40360333],[111.09974659,36.40158857],[111.0986796,36.39914703],[111.09829896,36.39700809],[111.09988214,36.39395979],[111.10149608,36.39103712],[111.10224082,36.3890509],[111.10402537,36.38828739],[111.10584504,36.38733568],[111.10494594,36.38548072],[111.10596923,36.38586827],[111.10702121,36.38747089],[111.10660215,36.38571784],[111.10681372,36.3848778],[111.10784238,36.38685835],[111.10875549,36.3882882],[111.10763907,36.39037816],[111.10731471,36.39095005],[111.10699791,36.39067225],[111.107366,36.391162],[111.106943,36.39067],[111.107325,36.391261],[111.10682312,36.39062801],[111.10706268,36.39084734],[111.106903,36.391613],[111.10733894,36.39093708],[111.106903,36.391613],[111.1074056,36.39124956],[111.107034,36.391568],[111.10690339,36.39185567],[111.106559,36.39206],[111.106332,36.392277]]}},{"type":"Feature","properties":{"segment":16,"date":"2026-07-25","distance_km":0.039},"geometry":{"type":"LineString","coordinates":[[111.10613344,36.39258602],[111.10575801,36.39276135]]}},{"type":"Feature","properties":{"segment":17,"date":"2026-07-25","distance_km":0.04},"geometry":{"type":"LineString","coordinates":[[111.10620352,36.3922851],[111.106559,36.39206]]}},{"type":"Feature","properties":{"segment":18,"date":"2026-07-25","distance_km":54.365},"geometry":{"type":"LineString","coordinates":[[111.10698303,36.3916728],[111.10728474,36.39128229],[111.10707059,36.39098111],[111.1074322,36.3918849],[111.10615162,36.3934195],[111.10481892,36.3944199],[111.10512883,36.39559484],[111.1041925,36.39691265],[111.10298696,36.39897148],[111.10334808,36.40102899],[111.10349812,36.40277635],[111.10315281,36.40343419],[111.10235866,36.40314521],[111.10178851,36.40423037],[111.10169901,36.40513338],[111.10120836,36.4061354],[111.09794955,36.40694364],[111.09740898,36.40673569],[111.09677146,36.406544],[111.09236097,36.40634151],[111.08781141,36.4088615],[111.08339404,36.41081627],[111.07999869,36.41302578],[111.08001729,36.41572549],[111.07980435,36.41840292],[111.0774056,36.41942814],[111.07440759,36.42006203],[111.0703748,36.42089325],[111.06606453,36.42179485],[111.06298772,36.42243639],[111.06085115,36.42291403],[111.05772988,36.42366573],[111.0560433,36.42589532],[111.05448145,36.42838566],[111.05099103,36.42852267],[111.04718458,36.42842058],[111.04314399,36.42890212],[111.03863854,36.43000801],[111.03466892,36.43246764],[111.03003384,36.4348008],[111.02555169,36.43687724],[111.02096393,36.4390015],[111.01595585,36.44080452],[111.0117365,36.44235389],[111.00990868,36.44316756],[111.00881407,36.44609872],[111.00700308,36.44840197],[111.00487942,36.44975692],[111.00269672,36.45118968],[111.00005331,36.45288951],[110.99560219,36.45513668],[110.99067041,36.45564872],[110.98605006,36.45672365],[110.98289077,36.46022316],[110.97951481,36.46222683],[110.97465001,36.46250761],[110.97049425,36.46397077],[110.97072511,36.46777152],[110.9682712,36.47013011],[110.96426632,36.47158225],[110.95952381,36.47073356],[110.95647008,36.47363524],[110.95327876,36.47752256],[110.94870451,36.47895036],[110.94581732,36.48244112],[110.94154297,36.48133013],[110.93774363,36.48282388],[110.93328647,36.48446969],[110.92864311,36.4863455],[110.92606146,36.49023796],[110.92223625,36.49131931],[110.91723291,36.49116421],[110.91200343,36.49320754],[110.90651042,36.49273051],[110.90413587,36.49019402],[110.90005309,36.49000748],[110.89567243,36.48923038],[110.89287839,36.49162708],[110.88999687,36.49203611],[110.88761027,36.4937218],[110.88648799,36.49642598],[110.88308704,36.49807939],[110.87998765,36.4994078],[110.87714128,36.50014833],[110.87266376,36.50044575],[110.86917704,36.49774905],[110.86557564,36.49597582],[110.86234727,36.49693988],[110.86245954,36.49943441],[110.86497634,36.50274624],[110.86846161,36.50534942],[110.87081356,36.50771502],[110.86887592,36.51062328],[110.86967572,36.51388571],[110.86829806,36.51746168],[110.86956252,36.52179622],[110.87070158,36.52571132],[110.87118198,36.52975862],[110.8702655,36.5339111],[110.86905592,36.53799774],[110.86684861,36.54073789],[110.86948996,36.54273754],[110.87185029,36.54595737],[110.87242372,36.54996011],[110.87186912,36.55359104],[110.87340643,36.55651273],[110.87760801,36.558054],[110.88147203,36.56082516],[110.88442451,36.56384266],[110.88511801,36.56696074],[110.88841118,36.5695422],[110.89138762,36.57281148],[110.89458977,36.57584751],[110.89863145,36.57810543],[110.90198121,36.58135158],[110.90604229,36.58350877],[110.91083511,36.5847634],[110.91475057,36.58615043],[110.91663784,36.58896774],[110.91979582,36.59205074],[110.92349419,36.59584697],[110.92464955,36.60002236],[110.92314723,36.60449143],[110.92431327,36.60876019],[110.92642479,36.61299095],[110.92779683,36.61665491],[110.9283924,36.62070781],[110.92782062,36.62543359],[110.92900735,36.62966632],[110.92965281,36.63361245],[110.92974847,36.63788537],[110.92730314,36.64124113],[110.92566764,36.64518913],[110.92463242,36.64918386],[110.9246495,36.65319344],[110.92467234,36.65722338],[110.92469414,36.66050985],[110.9251506,36.66432988],[110.92545995,36.66652563],[110.92475157,36.6673012],[110.92155264,36.67043205],[110.92163243,36.67483049],[110.92329157,36.67892231],[110.92438148,36.68170257],[110.92485438,36.68444596],[110.92487905,36.68718771],[110.92421215,36.69000476],[110.92504505,36.69294896],[110.92735197,36.69415777],[110.92979372,36.69384134],[110.93111885,36.69372135],[110.93109307,36.69423817],[110.9311212,36.6945689],[110.93126653,36.69509441],[110.93113171,36.69477446],[110.93116236,36.69441848],[110.93149555,36.69435697]]}},{"type":"Feature","properties":{"segment":19,"date":"2026-07-25","distance_km":0.089},"geometry":{"type":"LineString","coordinates":[[110.93165473,36.69405988],[110.931197,36.694281],[110.9307635,36.69414822]]}},{"type":"Feature","properties":{"segment":20,"date":"2026-07-26","distance_km":0.397},"geometry":{"type":"LineString","coordinates":[[110.931325,36.694348],[110.9311142,36.69477995],[110.93128936,36.69515028],[110.93142783,36.69552751],[110.93147588,36.69589818],[110.93150519,36.69623564],[110.93169012,36.69660271],[110.93172421,36.69699437],[110.93186319,36.69741635],[110.93184972,36.6977985]]}},{"type":"Feature","properties":{"segment":21,"date":"2026-07-26","distance_km":0.802},"geometry":{"type":"LineString","coordinates":[[110.93178771,36.6983867],[110.93163805,36.69869984],[110.93141014,36.69892362],[110.93115724,36.699125],[110.93090586,36.69935639],[110.93049781,36.69976126],[110.93025202,36.70006711],[110.92987705,36.70009716],[110.92950646,36.70010007],[110.92876285,36.69982307],[110.92861499,36.70017316],[110.92831863,36.70036229],[110.928064,36.700831],[110.92836015,36.70117473],[110.92863421,36.70092213],[110.928191,36.700952],[110.927509,36.701042],[110.92716834,36.70127783],[110.92683444,36.70149032],[110.92646021,36.70154402]]}},{"type":"Feature","properties":{"segment":22,"date":"2026-07-26","distance_km":0.071},"geometry":{"type":"LineString","coordinates":[[110.92630358,36.701834],[110.92607304,36.70160138],[110.92649257,36.70162141]]}},{"type":"Feature","properties":{"segment":23,"date":"2026-07-26","distance_km":152.2},"geometry":{"type":"LineString","coordinates":[[110.926025,36.701422],[110.92628331,36.7011712],[110.92669124,36.70130156],[110.9270365,36.70124989],[110.927395,36.701166],[110.92779784,36.70081364],[110.928007,36.70055],[110.92829032,36.70032094],[110.928637,36.699788],[110.92874,36.699495],[110.928798,36.699132],[110.92902993,36.69890418],[110.92867812,36.69906229],[110.929267,36.697921],[110.9284242,36.69902833],[110.928834,36.698896],[110.92844029,36.69885973],[110.928721,36.699126],[110.92900409,36.69897437],[110.92928592,36.69922937],[110.92998003,36.69967817],[110.93028403,36.69997768],[110.930593,36.699778],[110.93092449,36.69936466],[110.93124107,36.6991243],[110.931556,36.698667],[110.931823,36.698104],[110.93174424,36.6976291],[110.93177189,36.69731576],[110.93174362,36.6970341],[110.93167066,36.69664868],[110.93147921,36.69637655],[110.93144482,36.6959486],[110.93138746,36.69529308],[110.931188,36.69491],[110.9311,36.694564],[110.93133995,36.69436313],[110.93155452,36.69412124],[110.93134193,36.6945219],[110.9312272,36.69492687],[110.93144513,36.69596912],[110.93163849,36.69687468],[110.93181427,36.69772542],[110.93151491,36.69874326],[110.93116575,36.6991737],[110.93292455,36.70032449],[110.93452763,36.70207693],[110.93667959,36.70463232],[110.93868775,36.70684132],[110.94035889,36.70912562],[110.94154978,36.71188106],[110.94255573,36.71466356],[110.94275359,36.7167075],[110.94282879,36.7189715],[110.94206238,36.72189594],[110.94464206,36.72430175],[110.94711862,36.72648214],[110.94816174,36.72952991],[110.94941885,36.73342166],[110.94993252,36.7351923],[110.95053993,36.73652235],[110.95153043,36.73890468],[110.95173375,36.74015506],[110.95472782,36.73967731],[110.95476375,36.74228707],[110.955943,36.74886554],[110.95909194,36.75517355],[110.95999077,36.76181045],[110.96545948,36.76757054],[110.97318681,36.77145609],[110.97911312,36.77671294],[110.98328902,36.78286871],[110.98868181,36.7875023],[110.99423113,36.79338322],[110.99818494,36.80005745],[111.00191306,36.8062929],[111.00736821,36.81181601],[111.01417748,36.81675516],[111.0196891,36.82250208],[111.02614691,36.82754252],[111.03191015,36.83331259],[111.03952663,36.83680058],[111.04706689,36.83985071],[111.05314001,36.84424055],[111.05842537,36.84920765],[111.06538939,36.8531968],[111.07331641,36.85695011],[111.08038511,36.86158756],[111.08727686,36.8660947],[111.09578167,36.86966253],[111.10175293,36.87532706],[111.10772847,36.88069945],[111.11559699,36.88383401],[111.12246088,36.88866882],[111.13106612,36.89119626],[111.13749009,36.89558269],[111.14295336,36.90162324],[111.15057877,36.90552628],[111.1559439,36.91089852],[111.15827169,36.91774537],[111.1595517,36.92477678],[111.15623653,36.93162158],[111.15417935,36.93851286],[111.15312067,36.94573695],[111.149198,36.95309959],[111.14443812,36.95903015],[111.14101285,36.96422117],[111.1405932,36.97048169],[111.14304733,36.97728116],[111.14793294,36.98356491],[111.15017697,36.98942214],[111.15000351,36.99484222],[111.14984026,37.00044607],[111.15122201,37.00668264],[111.15315355,37.01286532],[111.15351339,37.01890499],[111.15309841,37.02458247],[111.15160799,37.03004618],[111.15206838,37.03635441],[111.15210015,37.04314173],[111.15211592,37.04919305],[111.15416851,37.05513809],[111.15427165,37.06089005],[111.15526068,37.06650212],[111.15873107,37.07234735],[111.15792608,37.07952575],[111.15584201,37.08663299],[111.15750135,37.09422622],[111.16051622,37.10110635],[111.16637419,37.10652477],[111.17186557,37.1123734],[111.17776134,37.11793593],[111.18271092,37.12420398],[111.18593901,37.13112169],[111.18964711,37.13766143],[111.19420237,37.1439703],[111.20026884,37.1490492],[111.20844314,37.15245077],[111.21672681,37.15606239],[111.22358314,37.16167876],[111.22871108,37.16723598],[111.22954141,37.17295848],[111.22921451,37.17678546],[111.22929555,37.17787215],[111.22981059,37.17771001],[111.22938645,37.17783271],[111.22851532,37.18019561],[111.22687146,37.18618426],[111.2271992,37.19311172],[111.23164726,37.19917617],[111.23285068,37.20648849],[111.23457291,37.21337136],[111.23294657,37.21986196],[111.23066305,37.22521436],[111.22716851,37.23071109],[111.22391383,37.23602035],[111.21956602,37.24027236],[111.21446551,37.24488291],[111.21020019,37.24923296],[111.21066884,37.25498266],[111.21357452,37.26060387],[111.21672479,37.26622996],[111.20168375,37.29657615],[111.19577043,37.2996262],[111.19245793,37.30517915],[111.18983094,37.31180024],[111.18586386,37.31806505],[111.17875525,37.32247667],[111.17275015,37.32834906],[111.16787705,37.33442362],[111.16161133,37.33994182],[111.15721345,37.34623463],[111.1546151,37.35258032],[111.1477594,37.35625265],[111.14051531,37.35772154],[111.12745125,37.3733783],[111.12270417,37.37885712],[111.11850837,37.38544664],[111.1116213,37.38838222],[111.10792082,37.39298055],[111.10225472,37.39709762],[111.09701229,37.40151601],[111.09254476,37.40707681],[111.08699327,37.41287514],[111.08445238,37.42011729],[111.08032352,37.42738188],[111.07745968,37.43413976],[111.0807405,37.440297],[111.08238269,37.447342],[111.07827077,37.45290058],[111.06085976,37.46847464],[111.05715228,37.47399233],[111.05411191,37.47989765],[111.04925992,37.48405181],[111.04659016,37.48895048],[111.047019,37.49464394],[111.04514935,37.50062562],[111.04381153,37.50645007],[111.05098625,37.51422645],[111.05795133,37.52062574],[111.06162509,37.52552833],[111.06410742,37.5339615],[111.05744676,37.55061836],[111.05336054,37.5533447],[111.05099597,37.55622378],[111.04764957,37.558415],[111.04639038,37.56078748],[111.04431147,37.56323827],[111.04251428,37.56600767],[111.0399679,37.56881592],[111.0379877,37.57194677],[111.03825541,37.57524153],[111.03623421,37.57756633],[111.03471861,37.58021797],[111.03214336,37.58279716],[111.03015053,37.58576748],[111.02763872,37.58839098],[111.02410388,37.58924999],[111.01988287,37.58991818],[111.01558751,37.59140124],[111.01123867,37.59206596],[111.00749218,37.59375986],[111.00335636,37.59411926],[110.99998085,37.5922326],[110.99738186,37.5896639],[110.99682816,37.59063424],[110.99336869,37.59190083],[110.98990379,37.59219818],[110.9860991,37.59325986],[110.9841328,37.59563608],[110.98094265,37.59809662],[110.97541798,37.59771539],[110.97385708,37.60122916],[110.972842,37.6050744],[110.97211384,37.60326756],[110.97016821,37.60400627],[110.96741005,37.60766269],[110.96486285,37.61152731],[110.96240905,37.6151832],[110.96123339,37.6191191],[110.9596966,37.62184618],[110.95527797,37.62080967],[110.95082826,37.62218984],[110.94852522,37.6250584],[110.94688731,37.62681636],[110.9458998,37.62921362],[110.94548769,37.63145586],[110.94464915,37.63359619],[110.94136283,37.63460141],[110.93857268,37.63714233],[110.93648547,37.63905546],[110.93367387,37.63784001],[110.93065003,37.63957297],[110.9269749,37.63927688],[110.9241277,37.64005324],[110.92141767,37.63716951],[110.9181931,37.63618603],[110.9142244,37.63673276],[110.91342234,37.63631057],[110.91295194,37.63582157],[110.91210023,37.63507501],[110.90973723,37.63531818],[110.90662258,37.6372431],[110.90695561,37.64225836],[110.90337988,37.64517545],[110.9012162,37.64885715],[110.89715398,37.65025528],[110.89645525,37.65282318],[110.89480259,37.65568584],[110.89018018,37.65727589],[110.89042692,37.66005341],[110.88888614,37.66330187],[110.88450247,37.66407625],[110.88031623,37.66528089],[110.87597405,37.66619369],[110.87234327,37.6682564],[110.86911853,37.66921127],[110.86631585,37.67106335],[110.86557826,37.66989075],[110.86419946,37.66975665],[110.8616953,37.67046999],[110.85804195,37.67365095],[110.85605521,37.67696108],[110.85424283,37.67648375],[110.85141845,37.67413993],[110.84845223,37.67168275],[110.84497265,37.67012986],[110.84363068,37.66754878],[110.84096962,37.66555017],[110.83737487,37.66339808],[110.83438699,37.66216797],[110.83150998,37.65999497],[110.82832643,37.65761996],[110.82489658,37.65750439],[110.82099531,37.65754965],[110.81941155,37.65500653],[110.81884943,37.6513457],[110.81725461,37.64849111],[110.81373143,37.646944],[110.80939577,37.64618318],[110.80625487,37.64519075],[110.8042218,37.64400862],[110.80320398,37.6434673],[110.80110645,37.64233891],[110.79927757,37.64102186],[110.79761129,37.64150108],[110.79524642,37.63986374],[110.79230962,37.63742469],[110.78881929,37.63872321],[110.78668091,37.64115781],[110.78554393,37.64241379],[110.78564534,37.64292039],[110.78551319,37.64319354]]}},{"type":"Feature","properties":{"segment":24,"date":"2026-07-26","distance_km":0.383},"geometry":{"type":"LineString","coordinates":[[110.785344,37.642805],[110.785459,37.643104],[110.78589954,37.64296809],[110.786102,37.642694],[110.78572332,37.64245451],[110.78615623,37.64264618],[110.78645222,37.64245958],[110.78679669,37.64213449],[110.7870665,37.64190039],[110.78683703,37.64167126],[110.78647746,37.64149665]]}},{"type":"Feature","properties":{"segment":25,"date":"2026-07-26","distance_km":0.608},"geometry":{"type":"LineString","coordinates":[[110.78653296,37.64177858],[110.786848,37.642192],[110.7866091,37.64239129],[110.78631247,37.64266956],[110.78581549,37.64301094],[110.785566,37.643327],[110.78536542,37.64354636],[110.785686,37.643824],[110.786138,37.643863],[110.785591,37.64372],[110.786054,37.643708],[110.78628789,37.64391182],[110.786089,37.643653],[110.785967,37.643372],[110.78605506,37.6437029],[110.78645651,37.64344655]]}},{"type":"Feature","properties":{"segment":26,"date":"2026-07-26","distance_km":30.089},"geometry":{"type":"LineString","coordinates":[[110.78592,37.643741],[110.78535863,37.64363157],[110.78549945,37.64336322],[110.78565738,37.64309924],[110.78539783,37.64280022],[110.78580234,37.64205942],[110.78656285,37.64070619],[110.78539717,37.64060217],[110.78381161,37.64250838],[110.78105557,37.6434188],[110.77846552,37.64272809],[110.7748772,37.64188551],[110.77132498,37.64143392],[110.76762876,37.64009182],[110.76390026,37.63827043],[110.76080792,37.63616774],[110.76067605,37.6331605],[110.76205223,37.63004049],[110.76375213,37.62775012],[110.76543948,37.62556425],[110.7665262,37.62274956],[110.76734592,37.62069308],[110.76775755,37.61823154],[110.76836735,37.61628418],[110.76816537,37.61382741],[110.76895835,37.61068931],[110.76936035,37.60786612],[110.76926148,37.60466174],[110.76988969,37.60135574],[110.77023387,37.59833526],[110.77100223,37.59598526],[110.77184501,37.59350066],[110.77362578,37.59065661],[110.77558879,37.58740265],[110.77756782,37.58444601],[110.77928206,37.58167503],[110.78104079,37.57890226],[110.78378592,37.57668976],[110.78546605,37.57369913],[110.78732905,37.57102051],[110.78936782,37.56776359],[110.7914688,37.5635572],[110.79160035,37.55940517],[110.79046242,37.55538058],[110.78966702,37.55188424],[110.78746018,37.54928587],[110.78473985,37.54652832],[110.782216,37.54439881],[110.77896284,37.5417582],[110.77600166,37.53992361],[110.7723333,37.53826227],[110.76954281,37.53805963],[110.76658301,37.54063051],[110.76871737,37.54169836],[110.77259643,37.54368097],[110.77632065,37.54640254],[110.77829634,37.54908821],[110.77986394,37.55217827],[110.7820014,37.5550447],[110.78249995,37.55939088],[110.78146179,37.56405046],[110.77951035,37.56821521],[110.7775427,37.5722547],[110.77538862,37.57731996],[110.77273246,37.58135869],[110.76952226,37.58315265],[110.76717525,37.58432329],[110.76913318,37.58565328],[110.76735798,37.58854253],[110.76551061,37.59197993],[110.7647583,37.59585342],[110.76365128,37.60013969],[110.76323428,37.60454508],[110.76267297,37.60914936],[110.76211928,37.6131203],[110.76186652,37.616955],[110.7607378,37.62107788],[110.75874893,37.62459858],[110.75790768,37.6270128],[110.75663726,37.63113886],[110.75587613,37.63564246],[110.75719208,37.63996425],[110.76005991,37.64377619],[110.76259027,37.64654835],[110.76415397,37.64664893],[110.76833883,37.64632636],[110.7725194,37.64609957],[110.77443132,37.64655793],[110.77474568,37.64628104]]}},{"type":"Feature","properties":{"segment":27,"date":"2026-07-26","distance_km":4.834},"geometry":{"type":"LineString","coordinates":[[110.77514979,37.64624802],[110.776102,37.646366],[110.775587,37.646452],[110.776163,37.646347],[110.77567539,37.64630313],[110.776166,37.646339],[110.782833,37.643148],[110.77661122,37.646314],[110.785574,37.645607],[110.776869,37.64636053],[110.77646218,37.64637743],[110.77609396,37.64663149],[110.7757637,37.6467398],[110.7762097,37.64687391],[110.784144,37.644945],[110.77666092,37.64668618],[110.77657539,37.64712875],[110.77668642,37.64751048]]}},{"type":"Feature","properties":{"segment":28,"date":"2026-07-26","distance_km":32.75},"geometry":{"type":"LineString","coordinates":[[110.77651431,37.64709368],[110.785183,37.645402],[110.7764805,37.6468244],[110.77584012,37.64684407],[110.77581102,37.64647828],[110.77540163,37.64623222],[110.77500849,37.6462389],[110.77454995,37.6461109],[110.77437423,37.64649313],[110.77455027,37.64673436],[110.774577,37.646226],[110.77451214,37.64665185],[110.774548,37.646196],[110.77440861,37.64663086],[110.77282975,37.64602695],[110.76925476,37.64650452],[110.76501582,37.64673912],[110.7623286,37.64701444],[110.7606461,37.64429879],[110.7575383,37.64059702],[110.75587721,37.63622859],[110.75640852,37.63157054],[110.75770409,37.6276631],[110.75825458,37.6247687],[110.76014663,37.62207553],[110.76151771,37.61833439],[110.76185738,37.61454052],[110.76243387,37.61031563],[110.76281845,37.60613354],[110.76339176,37.60171391],[110.76432098,37.59747578],[110.76521303,37.5932487],[110.76671219,37.58944651],[110.76917845,37.58595046],[110.76710815,37.5840474],[110.7706314,37.58310172],[110.77356902,37.57995716],[110.77596992,37.57595792],[110.77766027,37.57148207],[110.77994442,37.56755465],[110.7815307,37.56349458],[110.7823951,37.55943346],[110.78189428,37.55497957],[110.77910104,37.55121222],[110.77675705,37.54692947],[110.77291451,37.54386875],[110.76882637,37.54179559],[110.76716171,37.53982045],[110.77066698,37.53707998],[110.77391111,37.5388201],[110.77824124,37.54120536],[110.78167202,37.54389904],[110.78577512,37.54739258],[110.78894208,37.55093382],[110.79033143,37.55463164],[110.79117182,37.55835966],[110.79157129,37.56323573],[110.78925659,37.56791856],[110.78654073,37.57232426],[110.78429972,37.57579201],[110.78075421,37.57920025],[110.77938474,37.58166934],[110.77702606,37.5852474],[110.77456688,37.58932131],[110.77190442,37.59340008],[110.77033731,37.59781634],[110.76970644,37.60207963],[110.76952243,37.60580631],[110.76929576,37.60853629],[110.76868817,37.61166184],[110.76782396,37.61526953],[110.76858728,37.6178986],[110.76884887,37.6213642],[110.77272833,37.6224073],[110.77686162,37.62324137],[110.78151276,37.62335168],[110.78707111,37.6229612],[110.79494384,37.62326746],[110.7981327,37.62434806],[110.79838419,37.62924053],[110.8001568,37.63253263],[110.80255436,37.63568367],[110.80718493,37.63777381],[110.80728048,37.64021522],[110.80503025,37.64254956],[110.80452609,37.64334563],[110.80420132,37.6439371],[110.80320601,37.64350841]]}},{"type":"Feature","properties":{"segment":29,"date":"2026-07-26","distance_km":0.038},"geometry":{"type":"LineString","coordinates":[[110.80298538,37.64371793],[110.803354,37.643546]]}},{"type":"Feature","properties":{"segment":30,"date":"2026-07-27","distance_km":91.358},"geometry":{"type":"LineString","coordinates":[[110.80316035,37.64352656],[110.80466258,37.64422087],[110.8071064,37.64563348],[110.81044066,37.64629641],[110.81462047,37.64715257],[110.8181596,37.64929281],[110.8191448,37.65294075],[110.81993168,37.65676525],[110.82388335,37.65755095],[110.82842755,37.65759679],[110.83197558,37.66024712],[110.83511641,37.66257519],[110.83891016,37.66408549],[110.84224403,37.66632885],[110.84435694,37.66883183],[110.84746388,37.671311],[110.85133564,37.67392303],[110.85498423,37.67686371],[110.85695908,37.67541296],[110.85873038,37.6727069],[110.86168611,37.67041786],[110.86427699,37.67014443],[110.86547032,37.66879806],[110.86563794,37.67169656],[110.86652537,37.66976598],[110.86968744,37.66846209],[110.87311981,37.66837734],[110.87617148,37.66587596],[110.87985571,37.66517618],[110.88328055,37.66393255],[110.88802623,37.66346479],[110.89041073,37.66091943],[110.88925377,37.65753612],[110.89247059,37.65665746],[110.89579528,37.65432863],[110.89589993,37.65042153],[110.8998127,37.64967306],[110.90196924,37.64689759],[110.90487206,37.64415178],[110.90717604,37.64159474],[110.9066402,37.6377647],[110.90922229,37.63567001],[110.91193495,37.63489183],[110.91271934,37.63558587],[110.91323927,37.63610871],[110.91564367,37.63627031],[110.92013228,37.63628634],[110.92330335,37.63928955],[110.92632545,37.63957261],[110.93028743,37.63975997],[110.93341179,37.63767254],[110.93645032,37.63902864],[110.93856129,37.63708156],[110.94117851,37.63469653],[110.94428589,37.63331581],[110.94541162,37.63174014],[110.94615235,37.62885267],[110.94769273,37.62558413],[110.95014694,37.62276583],[110.95305122,37.6212429],[110.9564481,37.62080451],[110.95968903,37.62180385],[110.96122447,37.61897563],[110.96239117,37.61513201],[110.96471765,37.61165023],[110.96711216,37.60805621],[110.96912538,37.60552395],[110.97081621,37.60297141],[110.97214248,37.60335286],[110.97274402,37.60510148],[110.97389918,37.60206432],[110.97363356,37.59880698],[110.97725442,37.5974653],[110.98133833,37.59800662],[110.98420547,37.59545584],[110.98943753,37.59228615],[110.99424972,37.59164862],[110.99624512,37.58946831],[110.99873,37.59129003],[111.0026796,37.59401799],[111.00800776,37.59363034],[111.01227999,37.59183554],[111.01555114,37.59141535],[111.02067485,37.58979882],[111.02602568,37.58908044],[111.02961301,37.58663563],[111.03092118,37.58326496],[111.03380814,37.58127377],[111.035917,37.57771248],[111.03824789,37.5749445],[111.03795558,37.57194776],[111.0402275,37.56830879],[111.04303448,37.56538411],[111.04528681,37.56203329],[111.04652373,37.55915607],[111.04966495,37.55696516],[111.05184867,37.55545399],[111.05116827,37.55280713],[111.05522854,37.55176805],[111.06054356,37.54758629],[111.06348155,37.5336744],[111.05993528,37.52354531],[111.05034011,37.51401059],[111.04337353,37.50575645],[111.0457193,37.49966122],[111.04667792,37.49647911],[111.0519848,37.49559177],[111.05764641,37.49648504],[111.06281094,37.49544553],[111.06671289,37.49834972],[111.07298071,37.49905413],[111.07860065,37.5014008],[111.08488001,37.50482796],[111.09251857,37.50724195],[111.10079173,37.50818394],[111.10896329,37.50486239],[111.11624436,37.50146267],[111.1238924,37.50035637],[111.12924443,37.50523275],[111.13387982,37.51031268],[111.14030577,37.51231767],[111.14845602,37.51441479],[111.1565696,37.51796832],[111.16464551,37.51998673],[111.17313805,37.52289295],[111.18197714,37.52388092],[111.19054261,37.52533417],[111.19947401,37.52438781],[111.20822002,37.52623865],[111.21726849,37.5256085],[111.22645612,37.52568089],[111.23402518,37.52467885],[111.23765111,37.52010659],[111.24003815,37.51488234],[111.24447127,37.50874068],[111.24988357,37.50267],[111.25495678,37.49675114],[111.26185556,37.49123382],[111.26997844,37.48822983],[111.27739511,37.48454322],[111.28468489,37.48129226],[111.29021384,37.47790982],[111.29764628,37.47603002],[111.30522074,37.47449937],[111.31181111,37.47069155],[111.31882284,37.46909426],[111.32541539,37.46641555],[111.33178854,37.46400557],[111.33811448,37.46220377],[111.34666124,37.45933275],[111.35537957,37.45846664],[111.36136777,37.45386044],[111.36917648,37.45243058],[111.37698769,37.44979597],[111.38597682,37.44759943],[111.39513974,37.44614879],[111.40414682,37.44612268],[111.4117804,37.44562086],[111.41812956,37.44222733],[111.42567075,37.43835997],[111.43424128,37.43584311],[111.44319508,37.43488281],[111.45165065,37.43455681],[111.45786051,37.4326093],[111.46311747,37.4288832],[111.47030836,37.42564542],[111.4796606,37.4242403],[111.48798808,37.42299531],[111.4942251,37.42039565],[111.50071412,37.41600597],[111.50254631,37.41219131],[111.50245111,37.40654754],[111.50307869,37.39929664],[111.50575134,37.39297253],[111.50616893,37.38833226],[111.50657268,37.3843262],[111.50815738,37.37877549],[111.50759356,37.37708548],[111.50803463,37.37600868]]}},{"type":"Feature","properties":{"segment":31,"date":"2026-07-27","distance_km":55.168},"geometry":{"type":"LineString","coordinates":[[111.50841093,37.37601201],[111.50895892,37.37618173],[111.50943724,37.3756475],[111.51042734,37.37377021],[111.511705,37.36881815],[111.51619781,37.34971019],[111.51594363,37.34290954],[111.52095938,37.33793667],[111.52643604,37.33206336],[111.53487301,37.33113455],[111.54448802,37.33044761],[111.55247339,37.32716987],[111.55945816,37.3224494],[111.56705094,37.31850277],[111.57379819,37.31458606],[111.57687415,37.30782013],[111.57847421,37.30055808],[111.57956673,37.29352395],[111.58116406,37.28633673],[111.58654755,37.28035273],[111.58813557,37.27358171],[111.59230379,37.26733691],[111.59915227,37.26244085],[111.60753438,37.25849504],[111.6157895,37.25531233],[111.62522005,37.25424722],[111.6317783,37.25012943],[111.64013464,37.24694555],[111.64830281,37.24339859],[111.65708369,37.24006824],[111.66485608,37.23564087],[111.67327915,37.23246067],[111.68204774,37.23142582],[111.69104371,37.23318233],[111.70022469,37.23460088],[111.70976472,37.23502166],[111.7169709,37.23892708],[111.72226054,37.24449096],[111.72635464,37.25109961],[111.72953534,37.25929519],[111.7347338,37.26671734],[111.74218428,37.27317296],[111.74936845,37.27815147],[111.75584044,37.28462716],[111.76204987,37.29219409],[111.76942652,37.29801663],[111.77839203,37.30221445],[111.7876074,37.30675247],[111.79538035,37.3120477],[111.80347967,37.31748389],[111.81275454,37.32153704],[111.82334922,37.32429759],[111.83193628,37.32754866],[111.84014876,37.3327587],[111.84736426,37.33881509],[111.85533838,37.34329122],[111.86370566,37.34598545],[111.87265902,37.34771743],[111.88084552,37.35001886],[111.88413606,37.34849306],[111.88435109,37.34485641],[111.88430104,37.34197854],[111.88448029,37.33783122],[111.88480385,37.33460745],[111.88464199,37.3381435],[111.88449717,37.33745239],[111.88477184,37.33354911],[111.8865513,37.33329453],[111.88816128,37.33347583],[111.88873477,37.33386025],[111.88909815,37.3352123],[111.89278202,37.33606608],[111.89594012,37.33677411],[111.89791068,37.33737187],[111.89728324,37.33751065],[111.897019,37.337726],[111.89859632,37.33861253],[111.89855873,37.3393661],[111.89802215,37.33927153],[111.89759178,37.33979324],[111.89722853,37.33987724],[111.895274,37.339195],[111.897933,37.339311],[111.898351,37.339894],[111.897924,37.339316],[111.898374,37.339814],[111.898973,37.339433],[111.898547,37.339384],[111.89905,37.339306],[111.898151,37.33919],[111.89764474,37.33840772],[111.89654469,37.33798203],[111.89627402,37.33816159],[111.89590107,37.33808579],[111.89549866,37.33848212],[111.895618,37.338073],[111.895418,37.338834],[111.895077,37.339614],[111.894979,37.339931],[111.89484927,37.34025935],[111.895312,37.340895],[111.89470874,37.34050569],[111.895216,37.340885],[111.89435418,37.34099326],[111.895097,37.341194],[111.894815,37.341734],[111.89402,37.340577],[111.894816,37.341535],[111.89450037,37.34093419],[111.895152,37.340864],[111.89485975,37.34052701],[111.89492264,37.34014214],[111.89492977,37.33982875],[111.89517898,37.33945602],[111.8953805,37.33893153],[111.89541427,37.33861525],[111.89546965,37.3382783],[111.89571866,37.33804508],[111.89614055,37.33803006],[111.89647132,37.3381533],[111.89652989,37.33787303],[111.89700627,37.33780089]]}},{"type":"Feature","properties":{"segment":32,"date":"2026-07-27","distance_km":0.069},"geometry":{"type":"LineString","coordinates":[[111.89683167,37.33805149],[111.896986,37.33774],[111.89730623,37.33760695]]}},{"type":"Feature","properties":{"segment":33,"date":"2026-07-27","distance_km":1.026},"geometry":{"type":"LineString","coordinates":[[111.89597978,37.33688084],[111.89232439,37.33601819],[111.88887522,37.33519418],[111.88858562,37.33402657],[111.88875504,37.33281816],[111.88874381,37.33224413],[111.88874142,37.33189582]]}},{"type":"Feature","properties":{"segment":34,"date":"2026-07-27","distance_km":72.015},"geometry":{"type":"LineString","coordinates":[[111.88879767,37.33246813],[111.88878202,37.33313808],[111.88738267,37.33356375],[111.88490831,37.33372736],[111.88472969,37.33727501],[111.88452356,37.34122453],[111.88441561,37.34482527],[111.88420942,37.34872754],[111.88478692,37.35313138],[111.88265398,37.35088319],[111.87245802,37.34778695],[111.8617527,37.34563543],[111.8513739,37.34146375],[111.84289361,37.33529002],[111.83482397,37.32918662],[111.82516616,37.32490356],[111.81463484,37.32218411],[111.80462848,37.31819627],[111.79616015,37.31273127],[111.78805916,37.30716276],[111.77913438,37.30262966],[111.76960376,37.29820109],[111.76195906,37.29221354],[111.75570799,37.28459321],[111.74870492,37.27779951],[111.74087535,37.27232942],[111.73413688,37.26616446],[111.73003734,37.26042113],[111.72701098,37.25335414],[111.72410839,37.24644142],[111.71832179,37.24113985],[111.71214047,37.23556625],[111.70248776,37.23485896],[111.69624576,37.23524261],[111.70062411,37.23423564],[111.70546393,37.22851598],[111.71106703,37.2208295],[111.71883926,37.21508182],[111.72573801,37.20888811],[111.7345282,37.20592336],[111.74305693,37.2034978],[111.75057511,37.20181144],[111.76217406,37.20165287],[111.771069,37.20182426],[111.77269567,37.19906136],[111.77353356,37.19609669],[111.77849721,37.19611002],[111.78337178,37.19628555],[111.78736121,37.19476954],[111.79319548,37.19090995],[111.79884165,37.18717322],[111.80444583,37.18347253],[111.80977567,37.17995104],[111.81554668,37.17613281],[111.82203016,37.17184788],[111.82806003,37.16786647],[111.83487134,37.16405517],[111.84119865,37.16094485],[111.84772924,37.15751468],[111.85275059,37.15273445],[111.85631471,37.14786738],[111.85571898,37.14196187],[111.85470659,37.13626879],[111.85371069,37.13093336],[111.85227928,37.12616905],[111.85054283,37.12040768],[111.84944764,37.11661853],[111.84780943,37.11099668],[111.84694587,37.10799575],[111.84656482,37.10343612],[111.84583985,37.09812921],[111.84485015,37.09382063],[111.8447107,37.09318515],[111.84760967,37.09260692],[111.8500495,37.09220896],[111.85340021,37.09148453],[111.85814259,37.09049225],[111.86267939,37.08954762],[111.86713815,37.08868291],[111.87150404,37.08789637],[111.87731412,37.08686699],[111.88223864,37.0859927],[111.88726701,37.08510187],[111.88934786,37.08472771],[111.89208532,37.08395439],[111.8968028,37.08165974],[111.89891531,37.08052861],[111.90238618,37.07862831],[111.90409359,37.07771828],[111.90498378,37.07724169],[111.90893239,37.07501213],[111.90970762,37.07380051],[111.91054865,37.0721395],[111.91245991,37.06836312],[111.91444931,37.06443442],[111.91637972,37.0606229],[111.91846586,37.05649167],[111.91965909,37.05402135],[111.92120682,37.05015464],[111.92158841,37.04918697],[111.92171282,37.04886769],[111.92291002,37.0458513],[111.92301182,37.04558869],[111.92414427,37.04278223],[111.92450103,37.04187409],[111.92515669,37.04019729],[111.92660336,37.0362914],[111.92777742,37.03305312],[111.92858366,37.0309121],[111.93012511,37.02771003],[111.93489806,37.02599412],[111.9366589,37.02484137],[111.93251657,37.02241856],[111.9279664,37.01977244],[111.92657438,37.01897796],[111.92686636,37.01828145],[111.93059054,37.01628929],[111.93483365,37.01467989],[111.93958313,37.0128926],[111.93942817,37.01116215],[111.94144946,37.01048336],[111.94369208,37.00855703],[111.94115297,37.00708614],[111.94442576,37.00496247],[111.94713658,37.0026656],[111.94931715,36.99895197],[111.95130502,36.99530528],[111.95292758,36.99157755],[111.95474604,36.98751774],[111.95767759,36.98574075],[111.960571,36.98542557],[111.96209805,36.98625254],[111.9613154,36.98288682],[111.96334197,36.97912581],[111.96517082,36.97652747],[111.96820272,36.97362355],[111.96893809,36.97020941],[111.97005962,36.96704523],[111.96908695,36.9641295],[111.96957042,36.96186768],[111.96723201,36.96022348],[111.96694077,36.96065603],[111.96648993,36.96060243],[111.966989,36.960502],[111.96720695,36.96081196],[111.96704993,36.96124085],[111.96736259,36.96149442],[111.967192,36.961817],[111.967116,36.962089],[111.967281,36.961821],[111.967269,36.961464],[111.967219,36.961814],[111.96752045,36.96167689],[111.967219,36.961814]]}},{"type":"Feature","properties":{"segment":35,"date":"2026-07-27","distance_km":1.261},"geometry":{"type":"LineString","coordinates":[[111.96528666,36.96046813],[111.96459106,36.96094862],[111.96395615,36.96189832],[111.96448945,36.96205193],[111.96497095,36.96201251],[111.965278,36.961873],[111.96488073,36.96199242],[111.96457,36.962196],[111.96483358,36.96189161],[111.965264,36.961872],[111.966521,36.962109],[111.966874,36.962218],[111.966567,36.962536],[111.966838,36.962746],[111.96682388,36.96320808],[111.966618,36.963488],[111.966838,36.963116],[111.96677456,36.9634092],[111.96672599,36.963812],[111.96649967,36.96360534],[111.96619358,36.96391345],[111.966723,36.963646],[111.966727,36.96294589],[111.96711389,36.96275229],[111.96685919,36.96230301],[111.967135,36.962005]]}},{"type":"Feature","properties":{"segment":36,"date":"2026-07-27","distance_km":14.12},"geometry":{"type":"LineString","coordinates":[[111.96699908,36.96151211],[111.967458,36.961463],[111.967081,36.962356],[111.967614,36.962343],[111.96724043,36.96217904],[111.96738988,36.96243257],[111.96704,36.962429],[111.96701032,36.9620909],[111.96710923,36.96174436],[111.9673161,36.96136173],[111.967521,36.961111],[111.96752,36.961399],[111.96727983,36.96161168],[111.96696884,36.96119005],[111.96711969,36.96088211],[111.96693806,36.96050862],[111.96680111,36.96085854],[111.96635775,36.96066083],[111.966747,36.960573],[111.96739064,36.96057949],[111.96855945,36.96161518],[111.96902291,36.96197676],[111.96913884,36.96381381],[111.96982599,36.96645251],[111.96953095,36.96929519],[111.96860616,36.9723736],[111.96610058,36.9752308],[111.96356911,36.97825471],[111.96187567,36.98183775],[111.96197643,36.98540647],[111.96045137,36.98569777],[111.95752875,36.98597306],[111.9547315,36.98758114],[111.9528768,36.99173965],[111.95076165,36.99667649],[111.94765347,37.00161125],[111.94441499,37.00500436],[111.94170676,37.00732176],[111.94237094,37.00976531],[111.93918236,37.01106006],[111.94061929,37.01258246],[111.93620747,37.01424158],[111.93257544,37.01560665],[111.92927975,37.01448066],[111.92498623,37.01163487],[111.92198067,37.00947737],[111.91922192,37.00825028],[111.91384385,37.00800328],[111.90863161,37.00712408],[111.90543494,37.00469226],[111.90155869,37.00457789],[111.90066944,37.00787222],[111.90262364,37.00892465],[111.90376739,37.00929598],[111.90565021,37.01002533],[111.90860623,37.01089333],[111.90590571,37.01024434],[111.90459898,37.00981497],[111.90125281,37.00862161],[111.8996543,37.00786542],[111.90119664,37.00830514],[111.90099328,37.00852958],[111.90103952,37.00810447],[111.90142142,37.00821427],[111.9011454,37.00784745]]}},{"type":"Feature","properties":{"segment":37,"date":"2026-07-28","distance_km":4.884},"geometry":{"type":"LineString","coordinates":[[111.901266,37.008282],[111.9030467,37.00904309],[111.90693867,37.01040621],[111.91179342,37.0115572],[111.91629441,37.01261765],[111.91924685,37.01436605],[111.91957394,37.01544461],[111.91880226,37.01768362],[111.91804989,37.01952878],[111.9169386,37.02221435],[111.91595833,37.02446866],[111.91504434,37.02659305],[111.91478574,37.02719598],[111.9140241,37.0289876],[111.91412183,37.02958467],[111.91403579,37.02921982],[111.91383594,37.02897666],[111.913343,37.028864],[111.91281,37.028493],[111.912456,37.028425],[111.912013,37.028057],[111.911802,37.029037],[111.912044,37.029301],[111.91154849,37.02965267],[111.912061,37.029303],[111.91155311,37.02933787],[111.912046,37.029294],[111.911605,37.029112],[111.91149097,37.02948951],[111.91134542,37.02979697],[111.911567,37.029108],[111.910977,37.029922],[111.911306,37.030085],[111.91129,37.029814],[111.911987,37.029871],[111.9115403,37.02993945],[111.91166416,37.02962459],[111.912497,37.029803],[111.91172034,37.02997635],[111.912095,37.029983],[111.912473,37.02978]]}},{"type":"Feature","properties":{"segment":38,"date":"2026-07-28","distance_km":91.911},"geometry":{"type":"LineString","coordinates":[[111.91288717,37.02945686],[111.91303957,37.02906515],[111.9136014,37.0290015],[111.91387262,37.02942396],[111.91332284,37.03053451],[111.91310604,37.03092914],[111.91076581,37.03028978],[111.90828443,37.02951112],[111.90698808,37.02909439],[111.90536688,37.02859899],[111.9036143,37.02807969],[111.9018184,37.02755106],[111.90042565,37.02712861],[111.89825065,37.02688514],[111.89758205,37.02902989],[111.89775118,37.02944833],[111.89789526,37.02917686],[111.89763439,37.02956755],[111.89662716,37.03204138],[111.8966169,37.03389634],[111.89961027,37.03469586],[111.9030123,37.03560739],[111.90459773,37.03603594],[111.90672099,37.0365978],[111.90828077,37.03702253],[111.90990648,37.03744354],[111.91222571,37.03807018],[111.91461004,37.03870584],[111.91739039,37.03943939],[111.92070906,37.04037011],[111.92382198,37.04113958],[111.9252031,37.03993056],[111.92637753,37.03679669],[111.92753982,37.0336562],[111.92877556,37.03050372],[111.93157806,37.02677269],[111.93654842,37.0253172],[111.93834855,37.02423034],[111.94263486,37.02159516],[111.94545654,37.01984523],[111.94934792,37.0175952],[111.95199031,37.01850714],[111.95621016,37.02228859],[111.96337517,37.02872694],[111.96999399,37.0359566],[111.97669874,37.04314086],[111.98451061,37.04948892],[111.99370831,37.05438027],[112.00367068,37.05837019],[112.01318715,37.06319023],[112.02172724,37.06894271],[112.02931703,37.07557388],[112.03661456,37.08229081],[112.04460059,37.08833899],[112.05339006,37.09375733],[112.06221913,37.09895742],[112.07096883,37.10431351],[112.07923733,37.11038819],[112.08673358,37.11704645],[112.09416247,37.12392977],[112.10178659,37.13024957],[112.10973123,37.13506695],[112.11652976,37.13802483],[112.12243639,37.13819289],[112.1268831,37.13453059],[112.13180051,37.12910138],[112.13548815,37.12331653],[112.13917442,37.119985],[112.14304057,37.11706408],[112.1486833,37.11117439],[112.15667546,37.10653972],[112.16594485,37.10609951],[112.17517008,37.10631017],[112.18414115,37.10639412],[112.19202636,37.10275202],[112.19825275,37.09814343],[112.20382503,37.09425109],[112.21035153,37.09288666],[112.21763197,37.09333125],[112.22306221,37.09366963],[112.2278105,37.09394879],[112.2350433,37.0926824],[112.2422167,37.09133488],[112.248469,37.09295092],[112.25559134,37.09530673],[112.26228115,37.09750157],[112.26821002,37.09946328],[112.27555532,37.0998608],[112.28047299,37.09850078],[112.2853457,37.09707616],[112.29096813,37.09543061],[112.29777095,37.09396932],[112.30428209,37.09277148],[112.31116322,37.09245878],[112.31645547,37.09038978],[112.32093238,37.0881562],[112.43646467,37.07203269],[112.44289797,37.07705276],[112.45103065,37.08095735],[112.46039001,37.08166032],[112.46790189,37.08576546],[112.47661918,37.08940132],[112.48288998,37.09493329],[112.49075803,37.09867978],[112.49758633,37.10355545],[112.5054581,37.10626745],[112.51318095,37.10680392],[112.52079976,37.10535278],[112.52800871,37.10496628],[112.53260917,37.10590716],[112.53792692,37.10642673],[112.54456019,37.10760269],[112.54976479,37.10847089],[112.5535189,37.10784264],[112.55801341,37.10703831],[112.56271141,37.1067719],[112.56725522,37.1056378],[112.57047402,37.10385175],[112.610022,37.08137977],[112.61466623,37.0780424],[112.62130474,37.07574608],[112.62790284,37.0743587],[112.63383782,37.07139474],[112.64046423,37.06576235],[112.64827814,37.06234388],[112.65747195,37.06325211],[112.66689268,37.06301475],[112.67585108,37.06210411],[112.68489934,37.06054128],[112.69419067,37.06099518],[112.70280913,37.06265816],[112.70942549,37.06727638],[112.71490543,37.07302149],[112.72243808,37.07655872],[112.73042165,37.07823248],[112.73687233,37.08220822],[112.74484117,37.08438958],[112.75026366,37.08601971],[112.75163173,37.0853026]]}},{"type":"Feature","properties":{"segment":39,"date":"2026-07-28","distance_km":138.441},"geometry":{"type":"LineString","coordinates":[[112.75386133,37.08599052],[112.76051857,37.08664833],[112.76935191,37.08853345],[112.77811268,37.08949256],[112.78642876,37.09244077],[112.79310589,37.09724072],[112.79806534,37.10272242],[112.80228976,37.10824809],[112.80922606,37.11105269],[112.8171872,37.11373544],[112.82454179,37.11405944],[112.83147626,37.1135963],[112.83616711,37.11461541],[112.83912893,37.11461659],[112.85876899,37.1111837],[112.86712232,37.11364981],[112.87433889,37.11677983],[112.88301808,37.11670494],[112.89164442,37.11500239],[112.89699993,37.11020501],[112.90164385,37.10464294],[112.90855047,37.09988926],[112.91605462,37.09628173],[112.92425272,37.09726411],[112.93044475,37.09884084],[112.93566881,37.09857471],[112.9413977,37.09662839],[112.9468016,37.09096705],[112.95190959,37.08507032],[112.95561202,37.07895765],[112.95147908,37.07229453],[112.94932032,37.06474196],[112.94697538,37.05753672],[112.94288654,37.05090565],[112.93985218,37.04372043],[112.93769342,37.03626692],[112.93334271,37.02968261],[112.93177431,37.02284978],[112.92939643,37.01602223],[112.93016794,37.00864378],[112.93096455,37.0013812],[112.92971986,36.99420174],[112.93207121,36.98701575],[112.93453034,36.97950703],[112.93544701,36.97248339],[112.93317334,36.96570476],[112.9276962,36.95952819],[112.92431046,36.95234146],[112.91943442,36.94679041],[112.9140291,36.94115798],[112.9123858,36.93366252],[112.9094414,36.92676485],[112.90487246,36.9200779],[112.90179522,36.91311875],[112.89903653,36.9062246],[112.89836553,36.89924482],[112.89389591,36.89345593],[112.89563678,36.88687202],[112.89352073,36.87992889],[112.88999852,36.87296271],[112.8846487,36.86678239],[112.88232597,36.85984926],[112.8805658,36.85296683],[112.87951393,36.84635184],[112.87751147,36.83933629],[112.87569944,36.83233257],[112.87626961,36.82497551],[112.87683968,36.81751185],[112.87781989,36.81050629],[112.88197437,36.8043065],[112.88278299,36.79712638],[112.88331849,36.78970434],[112.88192689,36.78213154],[112.88283046,36.77536725],[112.88564133,36.76910286],[112.88569606,36.76276642],[112.88723862,36.75773888],[112.88707954,36.75234347],[112.89033417,36.74726258],[112.89511181,36.74328876],[112.90207744,36.73942062],[112.90683554,36.7329437],[112.91196122,36.72664565],[112.91802499,36.72074169],[112.92221615,36.71396166],[112.92720296,36.70786282],[112.92763852,36.70075393],[112.92703109,36.69360466],[112.929504,36.68670626],[112.93482627,36.68104083],[112.9385163,36.67491667],[112.9355671,36.66775419],[112.93416517,36.66067726],[112.93561872,36.65316108],[112.93354959,36.64635963],[112.92870351,36.64214042],[112.92742853,36.6365735],[112.92626849,36.63039071],[112.92295083,36.62424919],[112.9235353,36.6184897],[112.92569929,36.61187453],[112.92749968,36.60436566],[112.92727783,36.59663476],[112.92887992,36.5885938],[112.92803868,36.5810506],[112.9261878,36.57427431],[112.92238606,36.56843937],[112.91906647,36.56162552],[112.91805026,36.55400042],[112.91842557,36.54668987],[112.92165496,36.53951639],[112.9257381,36.53324843],[112.92735654,36.52644831],[112.92632544,36.51918464],[112.92501686,36.51184065],[112.92532796,36.50437874],[112.92581756,36.49685924],[112.92500251,36.48998824],[112.9249273,36.48312653],[112.92642452,36.47646779],[112.92931321,36.46964257],[112.93126291,36.46350797],[112.93265958,36.45734859],[112.9345923,36.45145967],[112.93809335,36.44517784],[112.94306877,36.43847333],[112.94640478,36.43161976],[112.94852863,36.42389081],[112.95144274,36.41695561],[112.95474172,36.41013012],[112.9571117,36.40306871],[112.95818575,36.3963771],[112.9580725,36.38878072],[112.95840072,36.38088368],[112.96001351,36.37434577],[112.96321694,36.36754461],[112.96715646,36.36144682],[112.97027223,36.35500257],[112.97303203,36.34812416],[112.97641738,36.3419109],[112.98097096,36.33566587],[112.98529314,36.32955691],[112.98826073,36.32276223],[112.98964273,36.31519355],[112.98970408,36.30772448],[112.99066879,36.30010558],[112.99214421,36.29284282],[112.99253054,36.28580864],[112.9915202,36.27867138],[112.98948146,36.27226512],[112.98735196,36.26597511],[112.98527528,36.25996101],[112.98349174,36.25386167],[112.98296052,36.2469397],[112.98401833,36.24028326],[112.9869432,36.2332374],[112.99151295,36.22689594],[112.99746564,36.22149743],[113.00290282,36.21742234],[113.00783392,36.21264171],[113.0116561,36.20727039],[113.01420052,36.20173817],[113.01569879,36.19573668],[113.01698853,36.18906882],[113.01807629,36.18305041],[113.01743366,36.17959542],[113.02115088,36.17907418],[113.02187974,36.17883447],[113.02361537,36.17752114],[113.02663857,36.17838782],[113.03230691,36.17921053],[113.03702627,36.17920804],[113.04175848,36.17915492],[113.04805477,36.1790844],[113.05253643,36.17775898],[113.05600475,36.17593917],[113.05947171,36.17663542],[113.06322294,36.17821791],[113.0662474,36.17948328],[113.06910086,36.18069033],[113.07190504,36.1818623],[113.07435957,36.18286548],[113.07540173,36.18262044],[113.0787449,36.18090224],[113.08350818,36.17937365],[113.08741058,36.17862765],[113.09141256,36.17760871],[113.09291235,36.17718149],[113.09352127,36.17700273],[113.09647891,36.17615396],[113.09982916,36.17512367],[113.10211838,36.17446686],[113.10380579,36.17399328],[113.10737852,36.17291005],[113.10781218,36.17277245],[113.10863197,36.17339816],[113.11005065,36.1763314],[113.11156419,36.17952629],[113.11176473,36.17998929],[113.110444,36.18067933],[113.10798764,36.18146796],[113.10748745,36.18162684],[113.10762303,36.18292589],[113.10881067,36.18292975],[113.10920749,36.18255736],[113.10964902,36.18198511],[113.10902339,36.18198567],[113.108886,36.181407],[113.10924,36.182187],[113.10929274,36.18248457],[113.10943673,36.18272827],[113.109586,36.183066],[113.109572,36.182783],[113.109718,36.183051],[113.109505,36.182705],[113.109609,36.18305],[113.10972,36.18339],[113.10993429,36.18362211],[113.10989755,36.18390552]]}},{"type":"Feature","properties":{"segment":40,"date":"2026-07-28","distance_km":31.509},"geometry":{"type":"LineString","coordinates":[[113.10972,36.183582],[113.10961567,36.18307709],[113.109291,36.182817],[113.109273,36.182199],[113.109833,36.182005],[113.109088,36.18201],[113.10952663,36.18251638],[113.10940746,36.18280599],[113.10798327,36.18332449],[113.10902557,36.18511615],[113.10939465,36.18568126],[113.11063176,36.18550156],[113.11307355,36.18464192],[113.11338751,36.18453296],[113.11299123,36.18287547],[113.11198019,36.18049712],[113.11131827,36.17906834],[113.11092257,36.17823376],[113.10969743,36.17574746],[113.1086392,36.17354212],[113.10839304,36.17301311],[113.10761508,36.17136579],[113.10682431,36.16963631],[113.10570731,36.16740591],[113.10552659,36.16700272],[113.10360734,36.16392694],[113.10243563,36.16085037],[113.09946263,36.16138274],[113.09700032,36.16215352],[113.09601098,36.1597922],[113.09534318,36.15660298],[113.09493183,36.15453126],[113.09462232,36.1529247],[113.09411766,36.15024067],[113.09283307,36.14581052],[113.0919306,36.14322164],[113.09048037,36.13904865],[113.08926619,36.13546707],[113.0876627,36.13096234],[113.08645688,36.12749732],[113.08578517,36.12556803],[113.08467147,36.12210286],[113.08356526,36.1185542],[113.08262596,36.11554191],[113.08160477,36.11227528],[113.08076111,36.10966501],[113.07945243,36.10540279],[113.07814598,36.10076521],[113.07743424,36.0961377],[113.07662932,36.09110464],[113.07579993,36.08619269],[113.07488309,36.08144345],[113.07417453,36.07757095],[113.07339861,36.07338227],[113.07262434,36.06920837],[113.07233551,36.06777991],[113.07105958,36.06406948],[113.06965015,36.06014029],[113.06927445,36.05909661],[113.06790011,36.05508429],[113.06652179,36.05118328],[113.06559993,36.04858475],[113.06507788,36.04712161],[113.06405498,36.04424615],[113.06345001,36.03991471],[113.06496985,36.03587505],[113.06810243,36.03245277],[113.07136765,36.02914686],[113.07513663,36.02561917],[113.07953368,36.02249394],[113.08304369,36.01884357],[113.08622587,36.0152122],[113.08853063,36.01198595],[113.09072448,36.00889678],[113.09323964,36.00537539],[113.09591963,36.00161333],[113.09822402,35.99837335],[113.09997511,35.99600292],[113.10277119,35.99299023],[113.10517462,35.9906662],[113.10669208,35.98869092],[113.10777385,35.9856889],[113.10889337,35.98234454],[113.11036474,35.97863882],[113.11308377,35.97466467],[113.11573884,35.97136315],[113.11852698,35.96789984],[113.12147885,35.96423335],[113.12329564,35.96197739],[113.12448968,35.96048946],[113.12754987,35.96016822],[113.13212136,35.96157454],[113.1359353,35.96265124],[113.13763275,35.96387084],[113.13936803,35.96388208],[113.139165,35.963004],[113.13912037,35.96408291],[113.139337,35.96305],[113.13911972,35.96421854],[113.13832,35.964337],[113.13906939,35.96440724],[113.139135,35.963943],[113.13912155,35.96437446],[113.139135,35.963943],[113.13903315,35.9643184],[113.139133,35.963959],[113.13921991,35.96422384],[113.139153,35.963138],[113.13892849,35.9639496]]}},{"type":"Feature","properties":{"segment":41,"date":"2026-07-28","distance_km":24.793},"geometry":{"type":"LineString","coordinates":[[113.139526,35.963891],[113.14079262,35.96382384],[113.14029096,35.96388262],[113.13847978,35.96392806],[113.13767924,35.96455608],[113.13863377,35.96651565],[113.14088141,35.96743048],[113.14159117,35.96860924],[113.14216507,35.96963127],[113.14284204,35.97055387],[113.14619648,35.97221212],[113.14939157,35.97452286],[113.15363482,35.97641083],[113.1575957,35.97734898],[113.16080999,35.97661589],[113.16324111,35.97372303],[113.16483477,35.97277785],[113.16727313,35.97445636],[113.17257617,35.97306697],[113.17634476,35.97199024],[113.17895606,35.97121379],[113.18218316,35.97044813],[113.18608767,35.97008004],[113.18998034,35.96969403],[113.19374376,35.96927711],[113.19273811,35.97142339],[113.19070736,35.97486969],[113.1884137,35.97876373],[113.18595317,35.98289916],[113.18330954,35.98739184],[113.18120529,35.99093665],[113.17955417,35.99367357],[113.17803534,35.99626311],[113.17741451,35.99850119],[113.1777637,36.00048948],[113.17806049,36.00231563],[113.17803101,36.00280632],[113.17798811,36.0031452],[113.17789212,36.00368005],[113.1778012,36.00413575],[113.17772817,36.00456513],[113.17767429,36.00484509],[113.17756215,36.0056111],[113.17748006,36.00598028],[113.17661786,36.00702337],[113.1741364,36.00836948],[113.17316239,36.01178123],[113.17249538,36.0145862],[113.17386137,36.01785136],[113.1755305,36.02111155],[113.17713404,36.02420147],[113.17893529,36.02770802],[113.18003823,36.02998195],[113.18054842,36.03290808],[113.1811628,36.03601108],[113.18215316,36.03950262],[113.18327862,36.04271619],[113.18471713,36.04596238],[113.18329309,36.04976824],[113.1816214,36.05382346],[113.18134912,36.05754771],[113.18305639,36.06138758],[113.18441827,36.06468155],[113.18579305,36.06797753],[113.18691403,36.07069032],[113.18777927,36.07289744],[113.18878866,36.07546982],[113.1891295,36.07748808],[113.18937348,36.07970668],[113.18946709,36.08203472],[113.18956212,36.08445078],[113.18965307,36.08683185],[113.18980392,36.08947501],[113.19017314,36.09195555],[113.19032903,36.09235566],[113.19097774,36.09361123],[113.19223756,36.09594751],[113.19337433,36.09803528],[113.19449872,36.10010014],[113.195512,36.10198711],[113.19592059,36.10273468],[113.19641309,36.10362826],[113.19766663,36.10593067],[113.19928904,36.10863218],[113.20079461,36.11132289],[113.20119855,36.11214202],[113.20181089,36.11222819],[113.20367833,36.11158373],[113.2056358,36.11131253],[113.20848544,36.11067294],[113.20997307,36.11006864],[113.21042612,36.11007738],[113.20920687,36.1104888],[113.20784628,36.11090909],[113.20737896,36.11087847],[113.20657559,36.1112371],[113.20842319,36.11062267]]}},{"type":"Feature","properties":{"segment":42,"date":"2026-07-28","distance_km":0.661},"geometry":{"type":"LineString","coordinates":[[113.20783467,36.11070583],[113.20755931,36.11045558],[113.20796618,36.11078328],[113.20843726,36.11048733],[113.20911959,36.11044389],[113.20979616,36.11031709],[113.20755333,36.1103364],[113.2075669,36.11064106],[113.20751933,36.1103102],[113.20761321,36.11068975],[113.20781276,36.11036039],[113.20739026,36.1103295]]}},{"type":"Feature","properties":{"segment":43,"date":"2026-07-29","distance_km":100.59},"geometry":{"type":"LineString","coordinates":[[113.208111,36.110489],[113.20765903,36.11091292],[113.21041578,36.1100893],[113.21290498,36.10952456],[113.21472896,36.11258001],[113.21585794,36.11447697],[113.21703,36.11835111],[113.21652545,36.11962986],[113.2131875,36.12317866],[113.21051237,36.12582125],[113.20761028,36.12872031],[113.20495131,36.13139597],[113.20101812,36.13529086],[113.19768694,36.13931256],[113.19577333,36.14345137],[113.19350135,36.14778942],[113.18833965,36.15069364],[113.18334416,36.15317874],[113.17796834,36.15582831],[113.17308751,36.15824531],[113.16849829,36.16049242],[113.16221429,36.16249442],[113.15899802,36.16289985],[113.15756821,36.16301369],[113.15090722,36.1635404],[113.14440774,36.16523272],[113.13914119,36.16502559],[113.13440034,36.16560411],[113.13310924,36.1659661],[113.13225561,36.16599694],[113.13013266,36.16315052],[113.12647867,36.1641369],[113.12230136,36.1648248],[113.1175022,36.16473108],[113.11593073,36.16470215],[113.11221466,36.16540991],[113.11019632,36.1658203],[113.1066992,36.16669728],[113.10596011,36.16688776],[113.10384921,36.1673971],[113.10208424,36.16788834],[113.09898776,36.16794085],[113.09536051,36.16930877],[113.09039033,36.17059108],[113.08521355,36.17196252],[113.08282504,36.17263209],[113.07895672,36.17380112],[113.07513916,36.17448209],[113.07451681,36.17059192],[113.07256446,36.16995522],[113.06924615,36.17101142],[113.06736354,36.17156911],[113.06273978,36.17315964],[113.05838781,36.17501112],[113.05654305,36.17578349],[113.05277436,36.17766042],[113.05030783,36.17916737],[113.04458175,36.1792299],[113.03857884,36.17932081],[113.03526594,36.17937428],[113.02935887,36.17906712],[113.02396682,36.1776978],[113.0213934,36.17917664],[113.01861279,36.18137181],[113.01718254,36.18847725],[113.01574602,36.1958807],[113.01388458,36.20281586],[113.01031205,36.2095568],[113.00521256,36.21548189],[112.99900924,36.22043001],[112.99284491,36.22557319],[112.98824182,36.23121347],[112.98482607,36.23795844],[112.98313164,36.24545154],[112.98339016,36.25286408],[112.9853578,36.25998501],[112.98790532,36.26733807],[112.99032804,36.2743196],[112.99221395,36.28152181],[112.99263699,36.28878389],[112.99158648,36.29613872],[112.99015195,36.30341982],[112.98973673,36.31103723],[112.98928349,36.318767],[112.98720941,36.32581839],[112.98338578,36.33264776],[112.97848008,36.33899617],[112.9745369,36.34525049],[112.97142729,36.35213807],[112.96837749,36.35944669],[112.96419698,36.36608436],[112.960564,36.37306352],[112.95857284,36.38025512],[112.95815835,36.38783394],[112.95832286,36.39515778],[112.95720164,36.40314814],[112.95457681,36.41065564],[112.95134901,36.41728046],[112.94855915,36.42399827],[112.94647025,36.43174077],[112.94277231,36.4390293],[112.93808783,36.44529323],[112.93449321,36.45185503],[112.93221037,36.45966993],[112.93019578,36.46742529],[112.92713986,36.47478627],[112.92515794,36.4819422],[112.92502979,36.48964701],[112.92589914,36.49687855],[112.92547619,36.50391979],[112.92504504,36.51114683],[112.92617971,36.51828881],[112.92744076,36.52551368],[112.92599486,36.53282417],[112.92183009,36.53939213],[112.91866944,36.54604551],[112.91805118,36.5532337],[112.91882878,36.56035629],[112.92155743,36.56707258],[112.92598273,36.57364988],[112.92816133,36.58135669],[112.9289338,36.58862852],[112.92764618,36.59522787],[112.92738665,36.60235663],[112.92587948,36.6096553],[112.92584317,36.61547266],[112.9230211,36.62203016],[112.92557348,36.6289418],[112.9275589,36.63553267],[112.92860226,36.64105387],[112.93316764,36.64581352],[112.93584918,36.65237143],[112.93449343,36.65939282],[112.93507666,36.66647999],[112.93823992,36.67336328],[112.93634564,36.67989452],[112.93022718,36.68541319],[112.92730625,36.69260645],[112.92808775,36.6992323],[112.92761144,36.7052511],[112.9250034,36.71103675],[112.91984291,36.71719692],[112.91597329,36.72397538],[112.90952819,36.72922451],[112.90511628,36.73550519],[112.8995814,36.7409966],[112.89223252,36.74555226],[112.88773491,36.75087732],[112.88738507,36.75639785],[112.8866662,36.7619759],[112.88573781,36.76834135],[112.88291924,36.77534101],[112.88209023,36.78260943],[112.88345386,36.7899786],[112.88332576,36.79569918],[112.8821965,36.80256099],[112.87861327,36.80945282],[112.87700451,36.81652221],[112.87645332,36.82364322],[112.87592533,36.83087203],[112.87612728,36.83612494],[112.87766304,36.83841021],[112.87825936,36.83892468],[112.87795416,36.83878916]]}},{"type":"Feature","properties":{"segment":44,"date":"2026-07-29","distance_km":124.333},"geometry":{"type":"LineString","coordinates":[[112.87836803,36.83832464],[112.87914512,36.83851543],[112.87849079,36.84026194],[112.8796759,36.84514753],[112.88019879,36.85226149],[112.8824032,36.85958471],[112.88449271,36.86653691],[112.88993237,36.8726907],[112.89341358,36.87958146],[112.89571656,36.88684592],[112.89414927,36.89421839],[112.89882534,36.90042766],[112.89979953,36.90791689],[112.90258816,36.91491895],[112.90598866,36.92181551],[112.91057393,36.92824711],[112.91277475,36.93538387],[112.91463591,36.9422028],[112.92070277,36.94771332],[112.92499583,36.95401288],[112.92870088,36.96066117],[112.933906,36.96676472],[112.93544042,36.97392696],[112.93427954,36.98132298],[112.9313969,36.98824265],[112.92982027,36.99510809],[112.93114231,37.00226546],[112.92998008,37.00964228],[112.92980958,37.01700269],[112.93194102,37.0244689],[112.93467243,37.03132904],[112.93846742,37.03819465],[112.94045419,37.04566298],[112.94423415,37.05293944],[112.94836237,37.06028434],[112.95000747,37.06788879],[112.95329475,37.07466712],[112.95545909,37.08135123],[112.94931155,37.08741659],[112.94449506,37.09409948],[112.93771909,37.09949279],[112.93230099,37.1057314],[112.93301847,37.11282513],[112.93550018,37.12009296],[112.93293217,37.12726538],[112.93120518,37.13417297],[112.93075182,37.1416168],[112.9335111,37.14894289],[112.93473172,37.15660352],[112.9387914,37.16312251],[112.93745034,37.17024094],[112.93630041,37.17751753],[112.93559968,37.18488941],[112.93430495,37.19226024],[112.93641101,37.19984524],[112.94043952,37.20641896],[112.94370662,37.21315906],[112.94636531,37.21948976],[112.94351669,37.22653338],[112.93880157,37.23324858],[112.93160463,37.23776723],[112.92528518,37.24321367],[112.91922107,37.24818873],[112.91571638,37.25450962],[112.90788127,37.25871942],[112.90109343,37.26363638],[112.89651085,37.26958949],[112.89132884,37.27323548],[112.89107777,37.27907829],[112.88910253,37.2844577],[112.89130064,37.29143006],[112.89273292,37.29714589],[112.88980041,37.30452075],[112.88779919,37.31167144],[112.88389933,37.31847183],[112.88280491,37.32503545],[112.86138939,37.34640991],[112.85639766,37.35049888],[112.85001398,37.3540008],[112.84801074,37.35976244],[112.84668961,37.36672342],[112.84465846,37.37295792],[112.84058386,37.37790703],[112.83536785,37.38225032],[112.83104051,37.38753491],[112.8305751,37.39348331],[112.83330784,37.39883182],[112.8350549,37.40481103],[112.83331257,37.41082808],[112.82957866,37.41591958],[112.82755435,37.42171964],[112.82671009,37.42784361],[112.82681285,37.43370783],[112.82623804,37.43990129],[112.82253603,37.44518834],[112.81647831,37.44845434],[112.80897449,37.45213913],[112.80237924,37.45714169],[112.79407965,37.46157783],[112.78880307,37.46769191],[112.7828983,37.47372879],[112.77965033,37.48034595],[112.77729144,37.4873129],[112.77142889,37.4939256],[112.76565426,37.50162268],[112.76187589,37.5099212],[112.75698124,37.51674995],[112.74861412,37.52292619],[112.73860767,37.52675946],[112.72888691,37.53118804],[112.72111045,37.53652642],[112.71317664,37.54262119],[112.70575879,37.54814106],[112.69715892,37.55321485],[112.68849586,37.55709236],[112.68031779,37.55987276],[112.67084677,37.56294604],[112.66084436,37.56653947],[112.65142023,37.57134118],[112.64238162,37.57669934],[112.63357763,37.58192881],[112.62614259,37.58830156],[112.62159594,37.59638795],[112.61885758,37.60525289],[112.61506759,37.61301266],[112.60923162,37.62044363],[112.60232214,37.62641671],[112.59439731,37.63269092],[112.58731527,37.63965572],[112.58196156,37.64613339],[112.57717212,37.65190123],[112.57300679,37.65647709],[112.56981731,37.65935562],[112.56525017,37.66282226],[112.55912675,37.66659251],[112.55305439,37.67029904],[112.54729264,37.6747332],[112.54099342,37.67867637],[112.53405017,37.68170201],[112.52732904,37.68378614],[112.52066606,37.686236],[112.51505893,37.68836857],[112.50826444,37.69059407],[112.50185823,37.692682],[112.49967283,37.6933834],[112.49597215,37.69455652],[112.48943445,37.69668184],[112.48379865,37.69853158],[112.47716404,37.70070547],[112.47262711,37.70217965],[112.46726066,37.70392165],[112.46656861,37.70414338],[112.46084641,37.70594734],[112.4539315,37.70791419],[112.44948447,37.70958111],[112.44857333,37.71309565],[112.44818691,37.71803322],[112.44801457,37.72364734],[112.45054953,37.72729135],[112.45159009,37.72884743],[112.4491065,37.72679956],[112.4463553,37.72762725],[112.44391643,37.72876675],[112.44439784,37.73069199],[112.44231962,37.72936525],[112.44088513,37.72903118],[112.43873049,37.72975131],[112.436468,37.72991354],[112.435533,37.73075238]]}},{"type":"Feature","properties":{"segment":45,"date":"2026-07-29","distance_km":48.186},"geometry":{"type":"LineString","coordinates":[[112.43495123,37.73108985],[112.43421076,37.73129506],[112.43416902,37.73096849],[112.43376472,37.73093833],[112.43342648,37.73099661],[112.43282916,37.73081495],[112.43232532,37.73081629],[112.447415,37.709225],[112.43210261,37.73071167],[112.43174651,37.73069464],[112.43142096,37.73078231],[112.43116426,37.73048348],[112.4308098,37.73043224],[112.43031756,37.73049626],[112.42988896,37.73050391],[112.442999,37.72285],[112.42908468,37.73026891],[112.430652,37.732105],[112.42877992,37.7305045],[112.427984,37.731616],[112.42860025,37.73070101],[112.42831237,37.73100518],[112.42796292,37.73127559],[112.42818254,37.7315307],[112.428718,37.73123],[112.42845241,37.73162411],[112.45346,37.724232],[112.4284134,37.73168896],[112.42883844,37.73202667],[112.42914236,37.73221822],[112.4296049,37.73227623],[112.471145,37.73322],[112.42949849,37.7321804],[112.443712,37.722442],[112.452385,37.720729],[112.475908,37.727375],[112.42954558,37.73214582],[112.431078,37.731741],[112.42946189,37.73204291],[112.42909208,37.73197488],[112.42877628,37.73184151],[112.42903248,37.73211082],[112.42941311,37.73229825],[112.42904101,37.73242815],[112.42896641,37.73269363],[112.42861482,37.73283189],[112.42848634,37.73308605],[112.42811557,37.73320442],[112.42830244,37.733566],[112.42790482,37.73376518],[112.42763107,37.73395833],[112.42736635,37.73426757],[112.42737709,37.73456267],[112.42749908,37.73499487],[112.42746764,37.73527632],[112.42727339,37.73549913],[112.42756339,37.73569838],[112.42718263,37.73596189],[112.42663375,37.73613667],[112.42651268,37.73643578],[112.42645942,37.7367353],[112.42605426,37.73674099],[112.42571376,37.73656476],[112.477079,37.739574],[112.42549254,37.73634281],[112.455737,37.731846],[112.42522438,37.73611098],[112.42551542,37.73593894],[112.42602438,37.73563147],[112.42629491,37.73544901],[112.42676291,37.7352334],[112.42712212,37.73500336],[112.42710333,37.73471365],[112.42737016,37.73452568],[112.42754182,37.73416376],[112.42770123,37.73388966],[112.42806138,37.73370539],[112.42833683,37.73342805],[112.42836614,37.73303278],[112.42870845,37.7327459],[112.42904401,37.73255337],[112.42931539,37.73228923],[112.42881861,37.73200438],[112.4284769,37.73180176],[112.42806142,37.73183818],[112.427781,37.731606],[112.42793128,37.73185283],[112.427953,37.731485],[112.42819473,37.73176571],[112.42819049,37.73147201],[112.42784596,37.73115924],[112.42818486,37.73099767],[112.42866032,37.73072871],[112.42886426,37.73043047],[112.42935756,37.73029973],[112.42973684,37.73047041],[112.43013918,37.73054517],[112.43066037,37.73041979],[112.43102427,37.73052747],[112.43136051,37.73070311],[112.43169138,37.73087601],[112.43207498,37.73063233],[112.43247703,37.73098732],[112.43315739,37.73091263],[112.43345439,37.73107657],[112.43392924,37.73093267],[112.43416679,37.7311982],[112.434794,37.73119328],[112.4353231,37.73089374],[112.43551546,37.73060986]]}},{"type":"Feature","properties":{"segment":46,"date":"2026-07-29","distance_km":4.063},"geometry":{"type":"LineString","coordinates":[[112.43608082,37.7299183],[112.43768885,37.72978292],[112.43989467,37.7294459],[112.44106685,37.72840878],[112.44235138,37.72936656],[112.44405423,37.73063419],[112.44401399,37.72919765],[112.44447472,37.72823442],[112.44642163,37.72762284],[112.44772193,37.72719592],[112.44836736,37.72594094],[112.4478672,37.72176828],[112.44810041,37.71647617],[112.44839028,37.71228607],[112.4490199,37.70892393],[112.44711583,37.70785835],[112.4462281,37.70789072],[112.4458296,37.70804797],[112.44535287,37.70810481],[112.44592,37.70795],[112.445461,37.708139],[112.445918,37.707955],[112.44557657,37.70807397],[112.445933,37.707955]]}},{"type":"Feature","properties":{"segment":47,"date":"2026-07-29","distance_km":14.038},"geometry":{"type":"LineString","coordinates":[[112.44547154,37.70721916],[112.44530231,37.70678453],[112.44617235,37.70632106],[112.44644204,37.70611432],[112.44637844,37.70574304],[112.4456517,37.70394943],[112.44360838,37.70140155],[112.44296706,37.69758648],[112.44041527,37.69741385],[112.43709535,37.69866546],[112.43369411,37.7004],[112.43155647,37.70277454],[112.42988631,37.70512832],[112.42877768,37.70674624],[112.42601087,37.70835066],[112.42301595,37.70783648],[112.42031231,37.71003772],[112.41702373,37.71207765],[112.41345263,37.71422217],[112.41510996,37.71340713],[112.41275547,37.71504418],[112.40971178,37.71525905],[112.4117693,37.71572598],[112.41004977,37.71408925],[112.40866577,37.71490884],[112.40670657,37.71688527],[112.40558695,37.71869102],[112.40644756,37.72071351],[112.4051909,37.72180824],[112.40435014,37.71963819],[112.4023406,37.7174317],[112.40285562,37.71566402],[112.40158639,37.71776392],[112.40134989,37.7199635],[112.40113999,37.72206828],[112.40065479,37.72113081],[112.40022801,37.72240697],[112.40100985,37.72118513],[112.40077299,37.72343311],[112.40224137,37.7258019],[112.40374097,37.72821223],[112.4061121,37.72921317],[112.40381113,37.72895201],[112.4045813,37.7303046],[112.40527227,37.73284666],[112.40465591,37.73480051],[112.40310269,37.73671382],[112.40234759,37.73845978],[112.40017209,37.73978131],[112.39818828,37.74094953],[112.39503625,37.74061776],[112.39270169,37.73947362],[112.39073453,37.73982607],[112.38939141,37.74158756],[112.38786682,37.74276421],[112.38806451,37.74151154],[112.38705219,37.74178794],[112.38656157,37.74029466],[112.38456733,37.73969749],[112.38351824,37.73919244],[112.3815157,37.73902589],[112.38005992,37.73877958],[112.37930473,37.7369528],[112.37857789,37.73747753],[112.37826062,37.73734931]]}},{"type":"Feature","properties":{"segment":48,"date":"2026-07-29","distance_km":121.631},"geometry":{"type":"LineString","coordinates":[[112.37857906,37.73713129],[112.3783088,37.73634318],[112.378658,37.737317],[112.37824,37.736254],[112.37816559,37.73590321],[112.37782027,37.73594253],[112.37781,37.735587],[112.37785227,37.73529148],[112.377884,37.734829],[112.37854279,37.73479807],[112.37788975,37.73510088],[112.37776787,37.7355786],[112.37750114,37.73595608],[112.37692676,37.73600411],[112.37649782,37.73623525],[112.37606503,37.7364632],[112.37653011,37.73623151],[112.37688926,37.73613494],[112.37719647,37.73594566],[112.37762,37.735753],[112.37720067,37.73595318],[112.378042,37.735911],[112.376462,37.733242],[112.378057,37.735937],[112.37829215,37.73637383],[112.37844638,37.73680764],[112.37851925,37.73718225],[112.37800753,37.73734246],[112.37839114,37.73746581],[112.37873562,37.73726111],[112.38013936,37.73796331],[112.38129273,37.73918891],[112.38370424,37.739253],[112.38548143,37.73977888],[112.3871001,37.74180182],[112.38784272,37.74207334],[112.38864639,37.74214642],[112.3906994,37.73995206],[112.39304746,37.73938774],[112.39573878,37.74093661],[112.39874484,37.74057819],[112.40129512,37.73930506],[112.40106026,37.74155555],[112.4026628,37.74325157],[112.40603411,37.74450756],[112.40886053,37.74505169],[112.4115547,37.74510126],[112.40921887,37.74659203],[112.41333023,37.74594984],[112.40930358,37.74764513],[112.41013096,37.74823328],[112.41448624,37.74634018],[112.41299934,37.74776758],[112.41165597,37.75022109],[112.41230909,37.75129158],[112.4147406,37.74862119],[112.41805944,37.75053479],[112.41498218,37.74998734],[112.41456249,37.75349349],[112.41668869,37.75175279],[112.41547065,37.75401157],[112.41709938,37.75554519],[112.41964391,37.75500378],[112.42180511,37.75557542],[112.42192851,37.75415484],[112.42411222,37.75276962],[112.42309054,37.75172416],[112.42512504,37.75003761],[112.42998636,37.74791706],[112.43509757,37.74661814],[112.43995941,37.74504306],[112.44422412,37.74263025],[112.44692006,37.74240855],[112.45165539,37.74292246],[112.45743183,37.74157265],[112.46329285,37.74065454],[112.46629645,37.74097472],[112.46776917,37.7451289],[112.46930049,37.74961722],[112.47261775,37.75292105],[112.47496341,37.75496484],[112.47387302,37.75209408],[112.4699745,37.75074463],[112.46616762,37.75535351],[112.46379208,37.76360801],[112.45992444,37.77188236],[112.46085318,37.77976135],[112.46811149,37.78594178],[112.47138267,37.7934712],[112.46996104,37.80196749],[112.4711654,37.81055434],[112.47304965,37.81918756],[112.47739188,37.82719481],[112.47830568,37.83515929],[112.47140499,37.84139244],[112.46486983,37.84774312],[112.46350906,37.85641206],[112.46430334,37.86544175],[112.46602323,37.87376625],[112.4630097,37.88225088],[112.46109374,37.89071421],[112.46427222,37.89902647],[112.46569192,37.90773215],[112.46754696,37.91628186],[112.46912402,37.92512261],[112.47006485,37.93381408],[112.47041761,37.94245569],[112.46517574,37.95023258],[112.46113208,37.95793749],[112.46602844,37.96586721],[112.47212655,37.97344814],[112.47666624,37.98114334],[112.4807636,37.9893107],[112.48343752,37.99795177],[112.48635016,38.00653102],[112.49084606,38.01461089],[112.49815433,38.02124056],[112.50775877,38.02544965],[112.5181578,38.02774992],[112.52866198,38.02919253],[112.53724271,38.02962631],[112.5463893,38.02913417],[112.55748789,38.02805704],[112.56855607,38.02792904],[112.5786776,38.02680592],[112.58355621,38.02535887],[112.5896124,38.02234344],[112.59454675,38.01852703],[112.59708165,38.01294411],[112.60007108,38.00814581],[112.60500715,38.00853508],[112.6089159,38.01275176],[112.61554395,38.01946168],[112.62079089,38.02751083],[112.62535252,38.03516368],[112.63082073,38.04176495],[112.6378122,38.04880157],[112.64483292,38.055656],[112.65145203,38.06249239],[112.65691054,38.070167],[112.66126738,38.07851635],[112.66670399,38.08635621],[112.67376451,38.09276145],[112.68199723,38.098772],[112.68946168,38.10497474],[112.69549973,38.11238279],[112.70063237,38.12039215],[112.70629462,38.12669315],[112.71174899,38.13203596],[112.71680987,38.13852495],[112.71912667,38.14230284],[112.71988662,38.14282418],[112.71970706,38.14402748],[112.72172768,38.15146284],[112.72377811,38.1603618],[112.72700443,38.16901817],[112.7307935,38.17750971],[112.73409974,38.18612945],[112.73608411,38.1944422],[112.73709104,38.20279841],[112.73840252,38.21134292],[112.74069671,38.21961001],[112.74387071,38.22767614],[112.74701574,38.23592762],[112.74825166,38.24360759],[112.74736266,38.25196427],[112.74319985,38.25970101],[112.73556206,38.26642314],[112.72902318,38.27176008],[112.72341339,38.27914669],[112.72088483,38.28784378],[112.72118217,38.29621895],[112.71966102,38.30475342],[112.71738174,38.31318042],[112.71784234,38.32173766],[112.71530038,38.33026309],[112.70963635,38.33675133],[112.70476009,38.34485032],[112.70385283,38.35361009],[112.70338348,38.36256329],[112.70157907,38.37134017],[112.69760527,38.37963785],[112.69134563,38.3873985],[112.68440262,38.39397208],[112.67911943,38.40182784],[112.67702536,38.41038717],[112.67746874,38.41776371],[112.67772541,38.42332788],[112.67760171,38.42766516],[112.67941062,38.42977793],[112.68155419,38.42797509],[112.68453599,38.42524129],[112.68959162,38.42622015],[112.69291192,38.42826302],[112.69316287,38.42983249],[112.69310669,38.43150329],[112.69303535,38.4355727],[112.69293318,38.43818278],[112.69293469,38.44000437],[112.6929078,38.44137296],[112.69282226,38.44407739],[112.69279861,38.4456114],[112.69272685,38.44965376],[112.69265722,38.45355352],[112.69264155,38.45451427],[112.69237245,38.45892238],[112.69160437,38.46269193],[112.69099607,38.46744906],[112.69074293,38.46981506],[112.69033691,38.47410393],[112.69295914,38.47687042],[112.69744135,38.48049977],[112.69915526,38.48193171],[112.69935521,38.48356383],[112.7001396,38.48593673],[112.70118884,38.48603304],[112.70175995,38.48594871],[112.70220168,38.48644381],[112.70169203,38.48641635],[112.7012702,38.48647626],[112.70088533,38.48650481],[112.70086297,38.4868826],[112.7003513,38.48678818],[112.699766,38.48594],[112.70024148,38.48703204],[112.70071286,38.48712337],[112.70009884,38.48726532]]}}]}
